zcta5,total,nh_total,white,black,native,asian,hwpi,other,multi,hispanic
06390,53,44,33,0,0,0,8,0,3,9
10001,27004,21798,13544,2220,0,5031,0,223,780,5206
10002,76518,56654,19554,6141,74,28477,24,574,1810,19864
10003,53877,48336,34099,2899,51,9014,27,179,2067,5541
10004,4579,4350,2570,252,0,1370,0,0,158,229
10005,8801,8046,6071,421,0,985,0,0,569,755
10006,3736,3533,2347,225,0,684,0,128,149,203
10007,7506,6540,4658,628,0,1188,0,0,66,966
10009,58418,44032,29258,4010,93,7831,5,343,2492,14386
10010,32410,29224,19908,2744,75,5067,0,190,1240,3186
10011,50772,43710,34587,2192,0,4489,0,260,2182,7062
10012,21216,19035,14226,538,0,3694,0,44,533,2181
10013,29453,27006,15832,821,52,8747,0,187,1367,2447
10014,29461,26190,22871,650,26,1647,0,85,911,3271
10016,54369,47583,31619,2492,11,10430,0,129,2902,6786
10017,14486,14072,9623,461,12,3035,40,230,671,414
10018,8659,7510,4095,541,18,2392,0,59,405,1149
10019,42766,35534,23759,1941,0,8056,72,114,1592,7232
10020,0,0,0,0,0,0,0,0,0,0
10021,40642,38321,32999,169,16,3959,111,118,949,2321
10022,33586,30115,24844,452,14,3946,0,63,796,3471
10023,65706,59349,44442,3220,8,9178,0,640,1861,6357
10024,62774,55247,47078,1599,37,4049,0,267,2217,7527
10025,96988,74118,51711,9022,71,9540,0,381,3393,22870
10026,38265,30670,8366,18201,21,2393,0,184,1505,7595
10027,65806,49315,17453,22327,204,5858,1,728,2744,16491
10028,45717,42345,36371,693,0,3896,0,157,1228,3372
10029,75614,41094,11279,18941,42,8153,9,1188,1482,34520
10030,31268,21995,2780,16818,7,1134,3,307,946,9273
10031,61044,29944,10534,14431,0,2458,0,442,2079,31100
10032,60480,20770,8843,7712,32,2706,4,237,1236,39710
10033,58711,19263,13708,2088,104,1940,0,291,1132,39448
10034,41570,12891,7926,2376,39,1387,0,178,985,28679
10035,38595,21991,5033,14179,27,1295,9,119,1329,16604
10036,30930,24567,15593,2053,40,4943,33,143,1762,6363
10037,19138,15355,1845,12067,25,727,0,144,547,3783
10038,23343,20751,10086,2268,45,6695,39,579,1039,2592
10039,29887,20105,1997,16337,40,567,0,331,833,9782
10040,43653,12314,8924,1251,29,789,5,528,788,31339
10044,11846,10579,5052,1511,0,3413,0,141,462,1267
10065,30859,28229,22341,761,0,4226,0,82,819,2630
10069,6259,5708,2713,104,0,2075,0,739,77,551
10075,23920,22079,18798,538,85,1743,74,0,841,1841
10103,0,0,0,0,0,0,0,0,0,0
10110,0,0,0,0,0,0,0,0,0,0
10111,0,0,0,0,0,0,0,0,0,0
10112,0,0,0,0,0,0,0,0,0,0
10115,0,0,0,0,0,0,0,0,0,0
10119,0,0,0,0,0,0,0,0,0,0
10128,56695,48660,38389,2931,17,5094,15,579,1635,8035
10152,0,0,0,0,0,0,0,0,0,0
10153,0,0,0,0,0,0,0,0,0,0
10154,0,0,0,0,0,0,0,0,0,0
10162,1523,1372,1314,9,0,44,0,0,5,151
10165,0,0,0,0,0,0,0,0,0,0
10167,0,0,0,0,0,0,0,0,0,0
10168,0,0,0,0,0,0,0,0,0,0
10169,0,0,0,0,0,0,0,0,0,0
10170,0,0,0,0,0,0,0,0,0,0
10171,0,0,0,0,0,0,0,0,0,0
10172,0,0,0,0,0,0,0,0,0,0
10173,0,0,0,0,0,0,0,0,0,0
10174,0,0,0,0,0,0,0,0,0,0
10177,0,0,0,0,0,0,0,0,0,0
10199,0,0,0,0,0,0,0,0,0,0
10271,0,0,0,0,0,0,0,0,0,0
10278,0,0,0,0,0,0,0,0,0,0
10279,161,161,161,0,0,0,0,0,0,0
10280,8843,7753,5403,150,0,2054,0,0,146,1090
10282,6450,6172,4607,137,0,885,0,0,543,278
10301,40331,29728,16694,8036,288,3072,0,130,1508,10603
10302,18567,10786,5314,4027,0,1041,0,71,333,7781
10303,27083,16510,4699,8129,0,2650,0,119,913,10573
10304,44864,35129,17196,11673,19,5510,0,214,517,9735
10305,42211,35938,24453,1863,16,8470,0,188,948,6273
10306,56232,47132,35532,1703,0,7733,0,200,1964,9100
10307,14755,13198,12687,10,0,310,14,0,177,1557
10308,30075,26755,23986,196,0,2074,0,42,457,3320
10309,34740,31418,29024,171,55,1430,0,227,511,3322
10310,26239,18618,11118,5244,32,1379,0,55,790,7621
10311,0,0,0,0,0,0,0,0,0,0
10312,63473,55335,48291,478,67,5507,0,250,742,8138
10314,94355,79967,56909,3096,215,16986,0,464,2297,14388
10451,51311,23109,2285,19097,188,713,2,144,680,28202
10452,78624,27174,2158,22094,108,810,0,881,1123,51450
10453,80385,24767,1617,19748,43,1256,0,593,1510,55618
10454,41073,12219,1148,10112,102,96,342,168,251,28854
10455,44380,11494,601,9385,12,466,0,426,604,32886
10456,88575,38680,2095,33828,171,577,0,377,1632,49895
10457,79817,27665,1370,24635,81,354,1,322,902,52152
10458,82678,23749,5792,13291,234,2750,0,304,1378,58929
10459,51964,16974,980,14996,143,127,0,64,664,34990
10460,59852,20931,2291,15885,150,848,0,611,1146,38921
10461,50868,25566,14286,3893,60,6493,0,306,528,25302
10462,77230,40796,8032,17162,339,12795,0,604,1864,36434
10463,70296,33506,19693,8537,347,2606,0,635,1688,36790
10464,4292,3052,2842,31,0,105,0,74,0,1240
10465,46311,24643,16654,4684,5,1959,0,353,988,21668
10466,72273,51056,1869,43221,225,1872,0,2190,1679,21217
10467,98713,46446,8583,28247,517,6098,33,673,2295,52267
10468,81397,17930,2514,12714,38,1859,0,430,375,63467
10469,71862,50628,6344,37483,430,3988,10,740,1633,21234
10470,15390,11885,5965,4822,33,312,0,268,485,3505
10471,22888,15555,11780,2073,0,798,0,178,726,7333
10472,65283,25029,1376,15075,49,5341,39,1953,1196,40254
10473,60087,22711,1004,18568,213,1272,0,716,938,37376
10474,11280,3359,246,2983,50,28,0,22,30,7921
10475,43517,30198,1868,26101,0,1014,0,7,1208,13319
10501,1416,1335,1321,0,0,0,0,0,14,81
10502,5745,5276,3894,168,0,706,0,38,470,469
10503,94,94,94,0,0,0,0,0,0,0
10504,8047,7195,6280,110,0,387,0,141,277,852
10505,1132,963,793,9,0,94,0,41,26,169
10506,6340,5689,5342,100,0,97,0,0,150,651
10507,6403,4474,3122,493,6,675,0,3,175,1929
10509,19832,14654,12947,436,0,646,0,388,237,5178
10510,10435,9294,7856,178,0,704,0,81,475,1141
10511,2281,1865,1508,129,6,109,0,47,66,416
10512,24256,20122,18126,738,79,341,14,165,659,4134
10514,12867,12212,9724,440,0,1507,3,101,437,655
10516,5585,5222,4820,208,2,60,0,0,132,363
10517,417,316,269,14,0,33,0,0,0,101
10518,830,768,685,0,0,83,0,0,0,62
10519,122,122,0,0,0,122,0,0,0,0
10520,12662,10944,9729,484,2,361,0,22,346,1718
10522,11508,9971,7767,253,0,1397,0,70,484,1537
10523,9389,6137,2661,2279,43,876,0,21,257,3252
10524,4344,4001,3660,92,0,70,0,44,135,343
10526,1939,1892,1624,2,0,187,0,24,55,47
10527,608,495,475,20,0,0,0,0,0,113
10528,13352,11616,9499,490,0,1315,0,31,281,1736
10530,14090,12475,9357,1125,0,1548,0,48,397,1615
10532,5040,4738,4340,67,0,280,0,4,47,302
10533,7388,6678,5476,73,0,642,0,98,389,710
10535,214,140,140,0,0,0,0,0,0,74
10536,10797,9774,8727,202,36,520,0,24,265,1023
10537,2961,2654,1957,396,0,301,0,0,0,307
10538,17605,15959,13777,611,20,855,0,236,460,1646
10540,114,85,56,22,0,0,0,0,7,29
10541,26116,21822,20550,253,0,510,0,129,380,4294
10542,0,0,0,0,0,0,0,0,0,0
10543,21281,15873,13391,848,93,953,0,141,447,5408
10545,203,170,133,13,0,11,0,13,0,33
10546,1022,920,694,2,0,213,0,0,11,102
10547,7665,6025,4439,1117,0,314,0,0,155,1640
10548,4446,3525,3181,224,0,25,0,0,95,921
10549,15800,11524,10004,675,0,578,0,35,232,4276
10550,40073,33053,2853,27586,380,448,0,752,1034,7020
10552,22099,17989,7322,8236,0,884,0,490,1057,4110
10553,10526,9144,1085,7499,0,43,0,286,231,1382
10560,4975,4515,4241,44,0,125,0,10,95,460
10562,33538,21481,15341,3387,0,1575,0,308,870,12057
10566,25401,14923,9085,4807,18,459,0,34,520,10478
10567,20069,16499,13244,1469,12,854,13,46,861,3570
10570,13168,11907,10235,561,0,643,0,55,413,1261
10573,41139,20626,15714,2161,0,1537,0,606,608,20513
10576,4927,4587,4202,129,0,127,0,8,121,340
10577,6145,5224,4068,479,0,363,0,0,314,921
10578,1788,831,465,11,0,355,0,0,0,957
10579,8171,7131,6575,205,0,114,0,29,208,1040
10580,18077,16774,13986,306,21,1336,0,295,830,1303
10583,41107,37750,26799,1135,26,7968,0,360,1462,3357
10588,3296,2749,2226,36,0,456,0,0,31,547
10589,7159,6824,6491,27,34,203,0,0,69,335
10590,7407,6885,6249,111,19,250,0,23,233,522
10591,23912,15444,12383,807,0,1369,0,127,758,8468
10594,5565,5050,4546,16,0,345,0,9,134,515
10595,7213,6274,4799,763,7,428,0,21,256,939
10596,796,657,503,60,0,1,0,0,93,139
10597,642,498,463,0,0,13,0,0,22,144
10598,29066,25781,21982,1690,6,1257,49,356,441,3285
10601,11193,8165,4978,1664,0,1281,0,90,152,3028
10603,19239,12981,6737,4277,14,1172,0,424,357,6258
10604,11799,8771,7095,735,0,272,0,321,348,3028
10605,19800,15855,12193,1662,0,1226,0,157,617,3945
10606,16429,9754,5481,2552,0,1344,0,150,227,6675
10607,6764,4515,1966,1629,0,756,0,0,164,2249
10701,68032,33951,15524,14272,178,1958,0,1015,1004,34081
10703,23565,13925,8566,4115,8,786,0,182,268,9640
10704,32438,22889,17193,2079,18,2136,0,854,609,9549
10705,38861,16454,7142,6364,0,1772,0,235,941,22407
10706,9068,8237,7141,93,0,658,0,90,255,831
10707,10209,8356,6492,413,0,1204,0,7,240,1853
10708,22595,18984,15724,1425,0,1001,6,87,741,3611
10709,10085,9355,8066,121,0,997,0,0,171,730
10710,26099,18858,10171,4415,309,3374,0,87,502,7241
10801,41724,26376,12422,10294,67,2548,0,193,852,15348
10803,13283,11815,9317,863,0,894,0,135,606,1468
10804,15036,13513,10873,1630,0,657,0,48,305,1523
10805,20736,12599,8084,2942,10,1174,0,140,249,8137
10901,25498,22315,18075,2263,27,1130,0,140,680,3183
10910,0,0,0,0,0,0,0,0,0,0
10911,12,12,6,6,0,0,0,0,0,0
10913,5286,4860,4212,165,0,262,0,0,221,426
10914,384,384,312,0,0,0,0,0,72,0
10915,0,0,0,0,0,0,0,0,0,0
10916,4445,3643,3297,24,0,85,0,36,201,802
10917,1969,1211,898,72,0,201,0,0,40,758
10918,12152,10244,8439,627,0,625,0,38,515,1908
10919,1256,492,378,24,0,59,0,0,31,764
10920,8605,6917,5443,139,0,1034,0,42,259,1688
10921,4268,3455,3015,232,60,68,0,32,48,813
10922,1289,1166,976,97,0,93,0,0,0,123
10923,8419,4539,2910,1070,0,472,0,0,87,3880
10924,13965,11267,10196,455,11,380,0,22,203,2698
10925,4466,3808,3433,76,0,180,0,0,119,658
10926,3909,2773,1856,483,0,345,0,53,36,1136
10927,12286,5436,2431,2403,0,393,0,18,191,6850
10928,5208,3764,2324,909,0,238,0,95,198,1444
10930,10326,7722,5777,563,0,936,0,54,392,2604
10931,1131,755,438,176,45,62,0,5,29,376
10932,43,26,26,0,0,0,0,0,0,17
10933,401,376,376,0,0,0,0,0,0,25
10940,51853,34886,20671,10226,0,2108,11,441,1429,16967
10941,14502,11629,7113,2750,100,793,0,127,746,2873
10950,63011,55104,51275,1669,28,798,0,352,982,7907
10952,47509,45819,41474,3230,0,491,26,73,525,1690
10953,0,0,0,0,0,0,0,0,0,0
10954,27587,21818,14564,3105,15,3360,0,125,649,5769
10956,30738,25810,18568,2376,39,3932,0,16,879,4928
10958,2925,2448,1923,431,0,18,0,6,70,477
10960,14222,12012,7876,2730,0,710,7,53,636,2210
10962,5125,4308,2979,303,0,884,0,18,124,817
10963,4347,3700,2694,630,7,196,0,26,147,647
10964,1525,1406,1170,35,0,201,0,0,0,119
10965,15666,13087,11990,183,12,668,0,14,220,2579
10968,2474,2340,1834,208,0,229,0,55,14,134
10969,999,846,838,0,0,8,0,0,0,153
10970,11571,8284,5241,1514,1,1038,0,183,307,3287
10973,2388,1936,1661,132,0,61,0,0,82,452
10974,3335,2892,2379,174,0,142,0,17,180,443
10975,246,84,31,53,0,0,0,0,0,162
10976,2056,1920,1435,166,0,218,0,1,100,136
10977,70555,55075,38735,12635,0,1873,0,667,1165,15480
10979,0,0,0,0,0,0,0,0,0,0
10980,13702,10746,8602,1481,0,368,0,97,198,2956
10983,5670,5107,4300,105,0,582,0,37,83,563
10984,3079,2351,1966,225,0,121,0,18,21,728
10985,42,18,18,0,0,0,0,0,0,24
10986,1529,1356,1246,51,0,42,0,0,17,173
10987,3809,3367,2826,256,0,59,0,55,171,442
10988,683,612,550,33,0,0,0,0,29,71
10989,8651,7683,5723,684,0,1155,0,24,97,968
10990,20527,18876,17362,666,22,265,0,115,446,1651
10992,10284,7152,5995,764,10,98,0,79,206,3132
10993,4738,2240,1241,637,36,144,0,90,92,2498
10994,6357,5330,3832,610,0,836,0,0,52,1027
10996,6386,5697,4422,374,9,264,7,30,591,689
10998,3548,2988,2725,201,0,0,0,34,28,560
11001,26138,21905,13279,1436,127,6364,0,298,401,4233
11003,47515,37739,6708,20158,18,7767,0,784,2304,9776
11004,15702,13780,4052,840,0,8072,1,516,299,1922
11005,2175,2150,2084,0,0,66,0,0,0,25
11010,25751,21727,17028,864,81,2789,0,288,677,4024
11020,6145,5796,2220,1037,0,2425,0,0,114,349
11021,19623,17972,11837,294,162,5183,0,194,302,1651
11023,9699,9549,7629,8,0,1343,0,333,236,150
11024,9105,7690,7127,109,0,303,5,0,146,1415
11030,17168,16038,11645,240,0,3556,0,179,418,1130
11040,42140,37081,16711,416,176,18059,0,362,1357,5059
11042,317,290,196,82,0,12,0,0,0,27
11050,31920,27304,22626,450,64,3435,0,67,662,4616
11096,9567,5404,2883,1615,0,787,0,84,35,4163
11101,34279,27260,11878,3473,0,9720,0,380,1809,7019
11102,27069,20112,12428,1862,189,4155,0,490,988,6957
11103,34752,25501,18603,799,0,4577,0,98,1424,9251
11104,26939,19588,10537,673,23,7242,9,99,1005,7351
11105,38756,29853,23322,1483,32,3274,0,132,1610,8903
11106,40198,29452,16511,2825,66,7889,6,445,1710,10746
11109,7280,6722,3659,39,0,2400,0,17,607,558
11201,69755,62050,40092,7982,38,9889,0,353,3696,7705
11203,78506,73118,3963,63037,92,1382,22,308,4314,5388
11204,80575,71447,42909,427,463,24490,14,995,2149,9128
11205,50319,43212,26235,10595,94,3781,10,447,2050,7107
11206,89949,57366,31956,17106,0,5765,0,355,2184,32583
11207,96801,65024,5094,54090,29,1422,1,1556,2832,31777
11208,108180,66007,2724,49528,0,8720,256,1721,3058,42173
11209,71812,57634,43362,2202,49,9681,20,302,2018,14178
11210,63426,58685,18806,32713,16,3658,0,765,2727,4741
11211,65511,48475,39225,3101,103,3942,0,392,1712,17036
11212,84006,67641,2918,58854,97,659,42,509,4562,16365
11213,69131,59265,15697,39145,8,1086,7,888,2434,9866
11214,90796,74814,36406,1490,163,33263,8,695,2789,15982
11215,72014,61159,48203,2576,24,6539,0,368,3449,10855
11216,62373,53914,18755,27510,33,2898,23,708,3987,8459
11217,43045,36824,22259,7093,29,3894,0,363,3186,6221
11218,73318,61329,37725,6502,22,13016,0,663,3401,11989
11219,92283,80188,55168,1260,215,20262,0,2591,692,12095
11220,93008,54996,13974,1545,349,37855,0,194,1079,38012
11221,91236,62937,18069,36226,39,4620,82,507,3394,28299
11222,40137,33879,27937,1056,23,1985,0,258,2620,6258
11223,80113,68206,39171,3956,68,21845,0,1080,2086,11907
11224,47893,38572,22825,9642,168,4541,0,12,1384,9321
11225,58476,52146,15995,31411,17,1915,0,504,2304,6330
11226,101053,86030,13797,63841,353,3186,0,667,4186,15023
11228,44196,38589,21904,404,24,15507,0,41,709,5607
11229,81109,73946,46946,4677,144,19383,56,162,2578,7163
11230,90245,79601,53293,7399,19,14362,48,1132,3348,10644
11231,38829,33017,23474,4369,66,2107,458,322,2221,5812
11232,28137,13401,6363,1675,14,4345,14,79,911,14736
11233,83125,70064,9908,55482,416,1045,26,181,3006,13061
11234,89976,81972,32017,38322,129,7307,0,765,3432,8004
11235,83069,75512,56390,2007,14,12332,0,435,4334,7557
11236,100082,90966,3761,79640,23,2474,9,652,4407,9116
11237,47183,20936,11395,4045,149,3089,0,599,1659,26247
11238,58047,49925,27508,14327,108,3830,0,287,3865,8122
11239,16808,14134,2528,10378,19,444,0,202,563,2674
11249,45087,36155,27862,3520,0,2569,0,126,2078,8932
11354,53371,46164,7633,1450,157,35514,258,312,840,7207
11355,79495,66684,5601,1941,178,57690,49,465,760,12811
11356,27632,16103,6490,126,0,9052,38,169,228,11529
11357,42792,36454,24006,145,72,11116,94,212,809,6338
11358,37647,31237,11610,267,54,18062,0,170,1074,6410
11359,0,0,0,0,0,0,0,0,0,0
11360,19719,17679,10829,236,0,6077,0,249,288,2040
11361,29544,25181,11427,1099,56,11906,0,266,427,4363
11362,18426,16726,6907,465,0,9010,0,83,261,1700
11363,7365,6450,3779,23,64,2276,0,25,283,915
11364,38124,31859,11524,614,166,18512,0,98,945,6265
11365,46424,36565,10303,5180,49,19985,0,176,872,9859
11366,13659,11747,4626,665,0,5781,0,185,490,1912
11367,43286,35299,18456,3000,86,11826,0,544,1387,7987
11368,112750,27221,5004,8372,143,12633,0,518,551,85529
11369,32177,13296,2463,5234,32,4779,6,83,699,18881
11370,28164,17464,7001,2992,113,6912,0,55,391,10700
11371,0,0,0,0,0,0,0,0,0,0
11372,67001,31903,12277,1688,0,15327,66,378,2167,35098
11373,102618,59229,4932,1541,293,50304,42,371,1746,43389
11374,47230,36779,17651,1642,35,14280,25,505,2641,10451
11375,75212,62852,35338,2012,69,21464,0,534,3435,12360
11377,86977,52694,17338,1337,223,31779,0,501,1516,34283
11378,39250,24801,18243,363,11,5292,0,364,528,14449
11379,38261,29831,23558,234,56,4688,0,723,572,8430
11385,105521,57801,45372,2530,26,7240,0,442,2191,47720
11411,21329,19904,426,18517,0,313,0,186,462,1425
11412,40593,37492,540,32418,138,1265,162,1362,1607,3101
11413,44832,41797,549,38399,42,733,0,1129,945,3035
11414,30374,22868,19140,1107,0,1710,0,44,867,7506
11415,20315,15654,8596,1359,34,4538,6,421,700,4661
11416,27794,15265,3128,969,7,9448,0,597,1116,12529
11417,31200,19214,5007,2216,39,8812,0,1593,1547,11986
11418,38317,22399,7235,2866,251,8958,0,1032,2057,15918
11419,48096,39512,1746,6686,550,16375,45,10050,4060,8584
11420,51153,40275,2112,10901,954,17066,134,4012,5096,10878
11421,41552,17009,5548,1717,0,7447,0,1199,1098,24543
11422,32296,29423,1884,25585,0,782,0,320,852,2873
11423,29921,25533,3155,9994,243,9153,5,1654,1329,4388
11424,0,0,0,0,0,0,0,0,0,0
11426,19733,16187,4543,1129,0,9243,0,468,804,3546
11427,25187,19907,3740,5422,29,8696,0,727,1293,5280
11428,19554,14434,1638,3919,26,6215,0,1686,950,5120
11429,27845,23663,834,18217,12,2059,0,1239,1302,4182
11430,332,248,75,167,0,6,0,0,0,84
11432,64268,50755,7713,10788,454,27538,66,955,3241,13513
11433,38865,33472,1135,21493,640,5975,0,2872,1357,5393
11434,68182,60189,1362,53211,129,2039,0,1180,2268,7993
11435,59961,42420,8247,14567,240,13830,0,3788,1748,17541
11436,21349,18591,388,13086,137,1371,0,2018,1591,2758
11439,2140,1649,950,386,8,168,0,0,137,491
11451,0,0,0,0,0,0,0,0,0,0
11501,21434,18597,13543,299,13,3647,0,574,521,2837
11507,7111,6759,3470,28,0,2953,0,78,230,352
11509,1682,1637,1553,5,0,23,0,46,10,45
11510,35070,27930,10568,14056,0,1042,0,95,2169,7140
11514,5040,4493,3121,149,0,571,0,607,45,547
11516,8450,7250,6927,197,0,76,0,0,50,1200
11518,10294,9233,8022,584,0,446,0,25,156,1061
11520,44876,25446,9516,13486,13,913,5,181,1332,19430
11530,28207,26310,23443,270,0,1704,0,108,785,1897
11542,29095,20922,16994,1348,72,1561,66,151,730,8173
11545,12068,10503,9155,93,30,931,0,90,204,1565
11547,585,585,443,0,0,142,0,0,0,0
11548,2230,2123,1538,102,0,433,0,0,50,107
11549,2508,2256,1643,242,0,198,0,0,173,252
11550,60668,33760,4252,26834,68,1195,7,229,1175,26908
11552,26043,20163,12680,5339,25,1260,0,354,505,5880
11553,27886,15052,2510,11397,6,286,0,177,676,12834
11554,36856,31950,22780,1707,6,6617,9,223,608,4906
11556,0,0,0,0,0,0,0,0,0,0
11557,8290,7571,5958,579,0,854,0,0,180,719
11558,8660,6805,5976,104,0,299,0,196,230,1855
11559,8732,7444,7110,81,0,197,0,24,32,1288
11560,7043,5965,5600,34,0,232,0,0,99,1078
11561,38755,33329,28690,1703,39,1633,4,242,1018,5426
11563,22055,17427,13799,1193,1,1785,0,203,446,4628
11565,9013,7640,6365,460,0,242,0,32,541,1373
11566,33976,30614,27765,917,31,1090,0,111,700,3362
11568,4272,3985,2742,260,0,672,0,46,265,287
11569,1110,1080,1075,0,0,0,0,0,5,30
11570,28262,25323,21526,1425,0,1514,0,284,574,2939
11572,29961,25344,23478,454,0,920,0,39,453,4617
11575,19102,10867,395,9419,6,455,0,131,461,8235
11576,12506,11707,8469,114,0,2530,0,482,112,799
11577,12399,11583,8295,391,3,2658,0,82,154,816
11579,5062,4748,4543,40,0,52,0,12,101,314
11580,43396,32915,9393,13608,0,6850,0,1595,1469,10481
11581,22770,18857,9609,3810,1,3761,0,311,1365,3913
11590,47951,31569,16162,8626,8,4646,17,1007,1103,16382
11596,10520,9669,7430,57,17,2036,0,25,104,851
11598,14531,13684,12087,695,0,297,0,54,551,847
11691,70365,52241,16825,28934,0,2865,36,1011,2570,18124
11692,24584,18461,3231,13075,0,1129,0,232,794,6123
11693,13558,10085,6200,2910,23,457,0,166,329,3473
11694,21788,18001,15628,1552,18,482,0,36,285,3787
11697,3946,3812,3698,9,0,44,0,0,61,134
11701,27874,20996,10092,9333,98,313,7,1,1152,6878
11702,14044,12920,12003,197,1,145,0,256,318,1124
11703,17414,14166,10276,2207,14,895,11,82,681,3248
11704,39753,32785,25920,5346,51,727,0,226,515,6968
11705,8409,7717,7135,136,8,132,0,113,193,692
11706,65437,39559,24934,7713,71,4028,9,975,1829,25878
11709,6763,6429,6232,24,0,18,0,0,155,334
11710,34950,31285,27485,814,13,1840,34,91,1008,3665
11713,8905,6528,4629,1473,59,160,4,38,165,2377
11714,22444,19961,16459,58,117,2749,0,65,513,2483
11715,3786,3660,3555,0,0,31,0,37,37,126
11716,10074,9020,8283,229,0,404,0,0,104,1054
11717,64969,17626,7028,8065,13,1584,69,382,485,47343
11718,3181,2943,2720,90,0,12,0,0,121,238
11719,3519,3213,2866,234,18,12,10,0,73,306
11720,29193,24408,20016,1437,17,1957,7,201,773,4785
11721,6569,6332,5601,117,0,291,0,265,58,237
11722,37032,15006,6379,6968,35,715,21,300,588,22026
11724,2874,2744,2426,0,0,84,0,74,160,130
11725,28735,26251,23869,391,0,1601,0,3,387,2484
11726,22059,11667,6659,3409,187,297,0,152,963,10392
11727,30058,24983,16891,4391,0,1717,26,188,1770,5075
11729,26608,22067,15074,2871,8,3136,0,309,669,4541
11730,14168,12184,11511,486,0,140,0,0,47,1984
11731,30714,28450,25248,674,0,1362,0,287,879,2264
11732,3546,3246,2960,96,0,14,0,0,176,300
11733,17304,16005,13449,282,0,1549,0,122,603,1299
11735,32716,28024,23514,1194,5,2527,0,112,672,4692
11738,20077,16004,12749,1185,61,1161,0,31,817,4073
11739,1400,1276,1219,0,0,38,0,0,19,124
11740,11010,9860,7955,1126,0,427,0,7,345,1150
11741,27632,23244,20789,840,0,1257,0,107,251,4388
11742,13448,11469,9727,903,50,501,0,0,288,1979
11743,41423,36433,31761,1392,0,1692,0,270,1318,4990
11746,67663,54666,41266,4293,485,5437,0,1583,1602,12997
11747,19605,18748,16926,283,0,1068,0,39,432,857
11749,3568,2205,1143,430,30,321,0,147,134,1363
11751,13501,11749,10248,433,0,741,0,28,299,1752
11752,9164,7546,6975,90,52,107,0,0,322,1618
11753,13087,12887,5935,72,0,6419,0,114,347,200
11754,18431,16895,15651,180,30,690,0,0,344,1536
11755,12227,10675,9089,282,0,1081,0,29,194,1552
11756,42459,34893,28844,526,0,4215,0,537,771,7566
11757,45082,37070,33241,1810,28,1115,0,107,769,8012
11758,54201,48715,44479,2883,0,532,28,68,725,5486
11762,22440,21470,20001,172,32,490,0,202,573,970
11763,29765,21904,17333,2989,118,671,0,214,579,7861
11764,12711,11200,10480,64,0,352,0,213,91,1511
11765,708,562,476,0,0,63,0,0,23,146
11766,11476,10640,9719,233,0,453,0,0,235,836
11767,14493,12423,10822,320,0,825,0,0,456,2070
11768,21333,20040,19383,77,0,337,0,7,236,1293
11769,9081,8680,7988,494,0,79,0,18,101,401
11770,112,65,65,0,0,0,0,0,0,47
11771,10068,8074,6799,210,0,532,0,279,254,1994
11772,45345,36090,31269,1615,30,1547,0,403,1226,9255
11776,24119,18800,16720,1161,13,461,0,128,317,5319
11777,9257,8326,7386,116,18,583,0,16,207,931
11778,12496,10764,10040,102,0,75,0,130,417,1732
11779,38654,31550,26465,1716,2,2542,0,120,705,7104
11780,15617,14116,12859,152,0,736,0,18,351,1501
11782,15113,14233,13625,79,0,208,0,34,287,880
11783,21916,20408,18719,482,29,781,0,59,338,1508
11784,25425,20555,16673,1187,25,1688,0,101,881,4870
11786,6559,5822,5413,186,0,143,0,0,80,737
11787,34408,31341,28243,285,4,1754,0,75,980,3067
11788,17017,14857,12637,216,0,1440,0,90,474,2160
11789,7434,6747,6153,143,13,200,0,0,238,687
11790,19282,17516,11900,660,0,4642,0,75,239,1766
11791,25631,24313,15305,336,23,8143,0,172,334,1318
11792,8595,7911,7499,260,23,74,0,7,48,684
11793,30865,27282,25074,350,22,1096,0,134,606,3583
11794,1425,1257,334,151,5,665,0,5,97,168
11795,25650,23010,21522,177,4,595,0,69,643,2640
11796,3843,3832,3562,62,0,117,0,12,79,11
11797,9203,8974,7162,114,0,1407,0,0,291,229
11798,18355,12624,1269,9714,7,401,0,125,1108,5731
11801,41967,34437,18893,538,8,13599,28,288,1083,7530
11803,30298,28952,22561,93,12,5683,0,138,465,1346
11804,4443,4272,3329,17,0,857,0,0,69,171
11901,32330,23278,17435,3879,28,694,0,168,1074,9052
11930,741,664,633,3,0,0,0,2,26,77
11931,0,0,0,0,0,0,0,0,0,0
11932,1032,763,570,176,0,17,0,0,0,269
11933,6975,6595,5637,589,0,179,0,26,164,380
11934,7778,6469,6107,166,0,131,0,49,16,1309
11935,2847,2693,2599,21,0,14,0,0,59,154
11937,21040,13892,12304,656,35,371,0,102,424,7148
11939,1564,1533,1499,9,0,0,0,0,25,31
11940,5462,5209,4808,128,0,135,0,32,106,253
11941,2493,2143,2033,47,0,0,0,0,63,350
11942,5620,4684,4448,41,11,110,0,51,23,936
11944,4799,4106,3736,164,6,37,0,13,150,693
11946,17517,11857,10892,167,0,397,4,32,365,5660
11947,153,153,153,0,0,0,0,0,0,0
11948,535,535,531,4,0,0,0,0,0,0
11949,13194,12063,10994,428,0,385,0,0,256,1131
11950,16379,11862,9968,996,326,137,0,13,422,4517
11951,14969,12483,10262,1243,0,258,0,20,700,2486
11952,5231,4548,4540,8,0,0,0,0,0,683
11953,13701,11752,9414,1822,8,126,0,32,350,1949
11954,4322,4112,3946,32,23,1,0,23,87,210
11955,2857,2591,2348,164,5,0,1,0,73,266
11956,305,275,268,0,0,3,0,0,4,30
11957,1220,1184,1148,8,0,6,0,17,5,36
11958,893,740,740,0,0,0,0,0,0,153
11959,632,499,467,17,0,0,0,0,15,133
11960,962,895,895,0,0,0,0,0,0,67
11961,13126,12078,11208,447,0,181,0,39,203,1048
11962,344,275,271,0,0,4,0,0,0,69
11963,8445,7236,6539,202,0,285,0,28,182,1209
11964,3129,2619,2027,31,81,224,0,256,0,510
11965,491,489,488,1,0,0,0,0,0,2
11967,26860,21088,16801,2255,22,1426,7,45,532,5772
11968,13623,11488,9423,1169,189,357,0,13,337,2135
11970,563,511,476,0,0,35,0,0,0,52
11971,6286,5483,5104,27,0,232,0,72,48,803
11972,413,383,381,2,0,0,0,0,0,30
11973,39,14,4,0,0,10,0,0,0,25
11975,426,423,326,27,0,7,0,0,63,3
11976,2437,2230,2127,13,0,38,0,0,52,207
11977,3069,2826,2677,11,0,90,0,21,27,243
11978,3969,3696,3108,170,0,73,0,112,233,273
11980,5144,4390,4105,167,3,87,0,0,28,754
12007,325,325,325,0,0,0,0,0,0,0
12008,427,427,427,0,0,0,0,0,0,0
12009,8322,8080,7128,201,6,559,0,6,180,242
12010,27213,20877,18737,1036,16,383,6,28,671,6336
12015,4135,3740,3238,40,0,227,0,0,235,395
12017,419,405,387,0,0,4,0,14,0,14
12018,7300,7185,7053,18,0,19,0,0,95,115
12019,15280,14869,13455,202,8,708,0,86,410,411
12020,34571,33292,30890,588,2,806,0,259,747,1279
12022,1038,1000,979,3,0,0,0,0,18,38
12023,2374,2371,2287,8,0,24,0,0,52,3
12024,83,83,83,0,0,0,0,0,0,0
12025,5260,5055,4815,45,0,107,0,0,88,205
12027,4244,4176,3923,12,0,39,0,72,130,68
12028,1082,1082,1082,0,0,0,0,0,0,0
12029,991,974,896,44,0,0,0,6,28,17
12031,191,146,146,0,0,0,0,0,0,45
12032,737,733,724,0,0,0,0,0,9,4
12033,7640,7137,6870,67,1,53,0,64,82,503
12035,484,484,468,10,0,0,0,0,6,0
12036,220,213,210,0,0,3,0,0,0,7
12037,4083,4001,3642,38,0,23,0,12,286,82
12040,28,28,28,0,0,0,0,0,0,0
12041,319,319,319,0,0,0,0,0,0,0
12042,297,297,291,0,0,0,0,0,6,0
12043,7719,7361,6598,169,6,144,0,211,233,358
12045,467,467,453,14,0,0,0,0,0,0
12046,519,489,489,0,0,0,0,0,0,30
12047,23293,21967,16964,1483,31,1610,30,11,1838,1326
12051,6050,5613,4281,1122,69,5,0,0,136,437
12052,1974,1967,1947,0,0,0,0,0,20,7
12053,4253,4001,3780,41,0,1,0,0,179,252
12054,16995,16533,15602,181,0,441,0,49,260,462
12056,2029,1891,1844,0,0,0,0,0,47,138
12057,1997,1945,1805,0,0,77,0,0,63,52
12058,1163,1163,1066,58,0,0,0,0,39,0
12059,1417,1413,1382,0,0,6,15,0,10,4
12060,1813,1754,1681,0,3,22,0,22,26,59
12061,10179,9471,8459,240,2,617,0,0,153,708
12062,1662,1506,1463,0,0,22,0,0,21,156
12063,609,609,609,0,0,0,0,0,0,0
12064,254,238,231,0,0,3,0,1,3,16
12065,44563,42802,36579,1155,25,2935,0,100,2008,1761
12066,1834,1815,1693,8,0,4,0,0,110,19
12067,1457,1457,1409,15,0,0,0,0,33,0
12068,2509,2444,2388,16,0,0,0,0,40,65
12069,483,483,399,84,0,0,0,0,0,0
12070,2499,2142,2081,29,0,32,0,0,0,357
12071,217,217,214,0,0,0,0,3,0,0
12072,2992,2899,2730,27,1,13,0,0,128,93
12074,2956,2944,2876,0,0,38,0,0,30,12
12075,3159,3043,2663,78,0,0,0,127,175,116
12076,1271,1220,1074,10,0,16,0,75,45,51
12077,6752,6438,5515,451,6,351,0,21,94,314
12078,23144,22019,20147,376,20,192,37,51,1196,1125
12082,2,2,0,0,0,0,0,0,2,0
12083,3900,3758,3638,3,0,0,0,35,82,142
12084,5069,4907,3085,373,0,1344,0,0,105,162
12085,255,255,208,25,0,0,0,0,22,0
12086,1648,1383,1328,0,0,8,0,0,47,265
12087,1279,1279,1125,0,0,9,0,0,145,0
12090,5782,5578,5367,27,2,0,0,92,90,204
12092,1604,1545,1500,20,0,0,6,0,19,59
12093,1385,1361,1250,0,0,23,0,0,88,24
12094,2676,2555,2476,26,0,0,0,0,53,121
12095,12586,12077,11364,274,0,73,0,0,366,509
12106,2171,2022,1963,0,0,2,0,0,57,149
12108,408,407,341,21,0,0,0,0,45,1
12110,19744,19136,15171,678,0,2233,0,0,1054,608
12115,95,95,95,0,0,0,0,0,0,0
12116,1351,1334,1334,0,0,0,0,0,0,17
12117,2716,2663,2518,4,0,0,0,0,141,53
12118,16557,16094,14932,19,26,630,0,16,471,463
12120,635,628,621,7,0,0,0,0,0,7
12121,2358,2227,2188,24,0,0,0,0,15,131
12122,3585,3507,3290,52,0,16,10,0,139,78
12123,4938,4738,4418,15,0,15,0,31,259,200
12124,246,204,204,0,0,0,0,0,0,42
12125,1092,1029,1002,0,0,16,0,0,11,63
12130,431,431,431,0,0,0,0,0,0,0
12131,188,186,181,0,0,0,0,0,5,2
12132,133,133,133,0,0,0,0,0,0,0
12134,4304,4133,3968,0,0,0,0,0,165,171
12136,790,781,766,10,0,0,0,0,5,9
12137,2035,2024,1945,63,0,0,0,0,16,11
12138,2922,2784,2652,23,2,17,0,16,74,138
12139,286,286,261,0,0,0,0,0,25,0
12140,1412,1412,1359,0,0,23,0,0,30,0
12143,5443,5308,4917,169,0,57,0,0,165,135
12144,21808,20675,17135,1195,17,1114,0,50,1164,1133
12147,412,412,391,0,0,17,0,0,4,0
12148,4371,4190,3781,87,0,250,0,0,72,181
12149,2208,2188,2091,32,10,0,4,0,51,20
12150,589,494,494,0,0,0,0,0,0,95
12151,871,857,823,20,0,10,0,0,4,14
12153,703,703,613,0,0,40,0,0,50,0
12154,2820,2820,2753,16,3,3,0,0,45,0
12155,1748,1619,1555,7,0,0,0,0,57,129
12156,831,730,701,16,0,0,0,0,13,101
12157,4574,4344,4033,56,0,70,0,0,185,230
12158,6045,5581,5195,107,0,107,0,0,172,464
12159,8663,8240,7286,181,0,627,0,12,134,423
12160,834,795,754,12,0,6,0,0,23,39
12161,35,35,35,0,0,0,0,0,0,0
12164,485,478,475,3,0,0,0,0,0,7
12165,198,198,198,0,0,0,0,0,0,0
12166,1505,1478,1432,28,0,3,0,0,15,27
12167,2414,2325,2241,27,0,10,0,10,37,89
12168,1749,1731,1647,0,0,0,0,55,29,18
12169,379,310,303,0,0,0,0,0,7,69
12170,5225,4804,4674,54,4,9,0,0,63,421
12172,211,211,211,0,0,0,0,0,0,0
12173,2038,1808,1695,16,0,0,0,3,94,230
12174,588,570,567,0,0,0,0,0,3,18
12175,700,605,581,9,0,7,0,0,8,95
12176,366,248,197,0,0,15,0,0,36,118
12177,455,455,319,0,0,0,0,0,136,0
12180,53807,49765,37110,6667,20,2894,0,111,2963,4042
12182,14790,13928,10979,1698,0,105,0,0,1146,862
12183,2968,2564,2106,161,0,27,0,17,253,404
12184,7288,6819,6511,30,14,59,5,16,184,469
12185,1785,1776,1743,0,2,6,2,0,23,9
12186,6325,6175,5868,20,1,56,0,25,205,150
12187,701,689,680,9,0,0,0,0,0,12
12188,11615,11132,10525,89,9,167,0,19,323,483
12189,18461,17080,12832,1673,13,1608,0,33,921,1381
12190,641,638,632,6,0,0,0,0,0,3
12192,1496,1370,1346,10,0,0,4,0,10,126
12193,1674,1674,1621,32,0,21,0,0,0,0
12194,177,177,177,0,0,0,0,0,0,0
12195,184,184,184,0,0,0,0,0,0,0
12196,3954,3785,3779,6,0,0,0,0,0,169
12197,1951,1916,1856,10,11,0,0,0,39,35
12198,7150,7012,6613,45,0,62,0,70,222,138
12202,9700,8387,2622,4418,5,618,0,79,645,1313
12203,30545,28832,21663,3019,3,2509,42,183,1413,1713
12204,8728,8252,3998,2576,7,809,62,99,701,476
12205,26436,24932,20014,1401,25,2230,28,103,1131,1504
12206,14793,12933,3456,6657,7,1194,0,159,1460,1860
12207,2337,2182,1042,1067,0,18,0,0,55,155
12208,23128,21721,15319,2997,32,2095,0,24,1254,1407
12209,10427,8421,5116,2074,0,905,0,27,299,2006
12210,9873,9203,4630,4073,0,192,0,30,278,670
12211,13254,12455,10085,477,0,1473,0,22,398,799
12222,6358,5123,3331,1117,8,379,0,31,257,1235
12226,0,0,0,0,0,0,0,0,0,0
12302,27915,26947,25372,252,19,421,0,50,833,968
12303,29680,26752,20329,2443,8,1371,33,488,2080,2928
12304,21901,20077,11381,3775,39,2180,0,589,2113,1824
12305,6922,6188,4071,1637,24,194,0,26,236,734
12306,27735,25848,21716,2110,8,788,26,91,1109,1887
12307,7863,6248,1660,2355,80,727,0,579,847,1615
12308,14367,12656,8549,2264,127,719,26,425,546,1711
12309,33332,31865,26037,853,0,2690,0,261,2024,1467
12401,35138,30507,24286,3681,21,551,0,25,1943,4631
12404,3864,3551,3356,16,0,25,0,0,154,313
12405,550,550,529,0,0,0,0,0,21,0
12406,590,387,377,0,6,3,0,0,1,203
12407,132,119,117,2,0,0,0,0,0,13
12409,958,921,870,0,0,41,0,10,0,37
12410,329,329,329,0,0,0,0,0,0,0
12411,377,377,317,0,0,7,0,0,53,0
12412,537,537,512,0,0,15,0,0,10,0
12413,3144,2945,2817,21,0,0,0,0,107,199
12414,10065,9071,7891,705,56,61,0,44,314,994
12416,205,174,95,0,7,10,0,0,62,31
12417,873,829,710,0,0,0,0,0,119,44
12418,294,294,249,4,0,0,0,0,41,0
12419,881,862,811,0,0,0,0,0,51,19
12420,351,351,351,0,0,0,0,0,0,0
12421,224,224,224,0,0,0,0,0,0,0
12422,398,398,374,0,0,24,0,0,0,0
12423,1255,1110,767,163,0,0,0,0,180,145
12424,261,241,241,0,0,0,0,0,0,20
12427,1025,985,974,7,0,4,0,0,0,40
12428,7032,5184,4475,424,14,38,0,83,150,1848
12429,153,101,52,49,0,0,0,0,0,52
12430,1341,1201,975,0,0,66,0,82,78,140
12431,1845,1747,1668,0,0,1,0,0,78,98
12432,581,386,386,0,0,0,0,0,0,195
12433,628,628,587,0,0,0,0,0,41,0
12434,984,971,926,15,0,0,0,0,30,13
12435,231,217,217,0,0,0,0,0,0,14
12436,430,430,430,0,0,0,0,0,0,0
12438,48,48,48,0,0,0,0,0,0,0
12439,297,263,263,0,0,0,0,0,0,34
12440,1493,1458,1273,14,0,15,0,147,9,35
12441,105,105,105,0,0,0,0,0,0,0
12442,648,624,624,0,0,0,0,0,0,24
12443,3582,3329,3057,36,0,33,0,37,166,253
12444,538,389,340,0,0,1,0,0,48,149
12446,4894,4480,3820,88,5,63,0,0,504,414
12448,142,142,142,0,0,0,0,0,0,0
12449,3193,2718,2298,199,0,41,0,42,138,475
12450,221,192,192,0,0,0,0,0,0,29
12451,1044,1044,1003,0,0,41,0,0,0,0
12452,27,27,27,0,0,0,0,0,0,0
12453,240,240,227,0,0,0,0,0,13,0
12454,456,456,408,0,0,20,0,0,28,0
12455,1810,1345,1270,20,0,11,0,11,33,465
12456,728,685,671,0,0,0,0,0,14,43
12457,1283,1266,1160,31,0,0,0,28,47,17
12458,3501,2748,1884,709,2,0,0,25,128,753
12459,68,68,68,0,0,0,0,0,0,0
12460,215,215,215,0,0,0,0,0,0,0
12461,1371,1307,1104,0,0,29,0,0,174,64
12463,1341,1307,1297,0,0,0,0,0,10,34
12464,1093,936,781,17,0,35,0,0,103,157
12465,384,376,228,0,0,144,0,0,4,8
12466,2070,1514,1146,135,0,0,0,92,141,556
12468,1325,1282,1198,13,2,13,0,0,56,43
12469,803,784,752,29,0,0,0,0,3,19
12470,778,778,778,0,0,0,0,0,0,0
12471,268,238,238,0,0,0,0,0,0,30
12472,1177,1131,981,31,0,24,18,0,77,46
12473,663,651,651,0,0,0,0,0,0,12
12474,856,818,759,4,0,0,0,0,55,38
12475,460,388,371,0,0,12,0,0,5,72
12477,18557,17591,15790,229,23,98,0,168,1283,966
12480,324,322,260,0,0,10,0,0,52,2
12481,1493,1468,1365,0,0,65,0,0,38,25
12482,550,550,541,0,0,0,0,0,9,0
12483,71,71,66,0,0,0,0,0,5,0
12484,3373,3160,2494,249,0,237,0,0,180,213
12485,904,885,866,11,0,0,0,0,8,19
12486,1760,1622,1072,59,0,26,0,441,24,138
12487,3935,3870,3083,422,0,7,0,0,358,65
12489,154,154,154,0,0,0,0,0,0,0
12490,0,0,0,0,0,0,0,0,0,0
12491,2059,1629,1577,0,5,0,0,0,47,430
12492,181,171,171,0,0,0,0,0,0,10
12493,324,244,219,22,0,0,0,2,1,80
12494,865,831,703,41,0,0,0,87,0,34
12495,87,87,87,0,0,0,0,0,0,0
12496,1311,1253,1054,42,0,65,0,0,92,58
12498,4580,4330,3842,55,0,149,0,29,255,250
12501,2170,1635,1456,13,0,98,0,27,41,535
12502,1147,1147,1012,7,0,17,0,2,109,0
12503,787,707,560,14,0,6,0,56,71,80
12504,1152,1018,662,112,12,174,21,0,37,134
12507,238,216,199,5,0,4,0,0,8,22
12508,19152,15463,11779,2760,15,278,0,100,531,3689
12512,184,184,176,0,0,0,0,8,0,0
12513,154,154,154,0,0,0,0,0,0,0
12514,2980,2899,2742,41,0,21,0,0,95,81
12515,1567,1379,1136,68,0,0,0,0,175,188
12516,1859,1783,1662,27,0,18,0,0,76,76
12517,384,346,304,0,0,0,0,0,42,38
12518,5861,5081,4570,148,0,198,0,31,134,780
12520,3088,2822,2638,25,0,70,0,0,89,266
12521,1607,1466,1278,26,0,8,0,8,146,141
12522,4775,4272,3918,17,0,155,0,0,182,503
12523,1986,1896,1826,18,0,12,0,0,40,90
12524,15609,13524,11226,1002,10,538,0,22,726,2085
12525,1739,1665,1172,19,0,0,0,20,454,74
12526,3519,3363,3149,108,0,35,0,15,56,156
12527,16,16,9,7,0,0,0,0,0,0
12528,13358,12125,9659,544,0,946,0,219,757,1233
12529,2296,2165,2073,8,4,0,0,8,72,131
12530,283,283,283,0,0,0,0,0,0,0
12531,2590,2542,2266,88,0,19,0,26,143,48
12533,26249,22283,18400,1024,48,1373,0,346,1092,3966
12534,17792,16603,12937,1393,0,1143,0,102,1028,1189
12538,14066,13138,11242,881,12,395,5,111,492,928
12540,9297,7892,7074,428,0,193,0,11,186,1405
12542,5490,5062,4663,98,0,35,0,0,266,428
12543,3135,2288,1943,311,2,0,0,0,32,847
12544,33,33,33,0,0,0,0,0,0,0
12545,4521,4230,3911,130,10,101,0,4,74,291
12546,2700,2343,2034,133,0,44,0,0,132,357
12547,3277,2954,2335,235,0,19,0,136,229,323
12548,1074,934,925,0,0,0,0,0,9,140
12549,10635,8456,7181,812,10,42,0,0,411,2179
12550,55404,34549,19989,11426,7,1103,0,122,1902,20855
12553,27409,20377,14280,4359,25,1150,25,120,418,7032
12561,18136,15831,13579,944,28,492,14,176,598,2305
12563,7691,6244,5317,626,0,135,7,16,143,1447
12564,7700,6531,5666,397,0,111,3,78,276,1169
12565,1559,1507,1280,189,0,2,0,0,36,52
12566,12407,11269,9846,504,0,59,0,52,808,1138
12567,2347,2194,2062,12,0,17,20,12,71,153
12569,9603,8462,7758,241,0,106,0,12,345,1141
12570,6923,6199,5186,475,0,256,0,0,282,724
12571,9235,8846,7810,359,0,149,0,35,493,389
12572,9287,8647,7968,214,0,157,1,175,132,640
12574,293,277,277,0,0,0,0,0,0,16
12575,1584,1162,1038,24,0,0,0,0,100,422
12577,1552,1341,1283,17,0,0,0,0,41,211
12578,2125,2068,1848,30,0,22,0,52,116,57
12580,4556,4332,3802,169,0,133,20,0,208,224
12581,2041,1559,1411,1,0,46,0,20,81,482
12582,6168,5310,3929,1149,5,107,0,0,120,858
12583,1832,1692,1632,9,0,32,0,11,8,140
12585,842,831,681,9,8,65,0,0,68,11
12586,12802,10533,8171,1255,0,102,19,54,932,2269
12589,19584,15858,12263,1625,0,342,0,159,1469,3726
12590,36816,30786,24611,3209,21,1616,0,528,801,6030
12592,1429,1090,980,93,0,8,0,0,9,339
12594,4117,3381,2798,431,0,12,0,0,140,736
12601,43623,35592,20556,11452,64,1170,33,237,2080,8031
12603,42215,37308,28309,4583,52,2282,15,331,1736,4907
12604,1978,1826,1281,123,0,301,0,8,113,152
12701,12448,8879,5841,1821,35,616,0,64,502,3569
12719,1132,1026,940,42,14,14,0,7,9,106
12720,274,274,274,0,0,0,0,0,0,0
12721,7872,6649,5767,262,67,99,0,12,442,1223
12722,0,0,0,0,0,0,0,0,0,0
12723,1776,1598,1265,236,7,11,5,5,69,178
12724,78,78,63,0,0,0,0,9,6,0
12725,323,295,236,0,0,9,0,0,50,28
12726,1357,1305,1272,8,0,2,0,0,23,52
12729,1382,1281,958,239,0,54,0,0,30,101
12732,830,728,703,0,0,3,0,8,14,102
12733,1996,1568,937,564,0,3,0,22,42,428
12734,1016,791,593,2,0,0,0,196,0,225
12736,122,106,106,0,0,0,0,0,0,16
12737,1625,1493,1438,0,0,7,0,0,48,132
12738,359,244,244,0,0,0,0,0,0,115
12740,1695,1572,1352,72,0,6,0,125,17,123
12741,168,158,117,18,0,0,0,0,23,10
12742,194,111,111,0,0,0,0,0,0,83
12743,310,310,285,2,0,0,0,0,23,0
12745,5,5,5,0,0,0,0,0,0,0
12746,600,558,497,0,0,28,0,0,33,42
12747,2026,1868,1457,223,0,92,0,0,96,158
12748,1751,1606,1482,53,0,13,0,9,49,145
12749,539,539,539,0,0,0,0,0,0,0
12750,36,36,36,0,0,0,0,0,0,0
12751,1151,1056,808,196,0,0,0,0,52,95
12752,302,298,259,19,0,0,0,20,0,4
12754,7800,5094,4038,737,0,111,0,45,163,2706
12758,3857,3732,3340,32,0,93,2,0,265,125
12759,2145,1881,1058,667,46,5,0,0,105,264
12760,425,324,304,0,0,20,0,0,0,101
12762,350,350,325,0,0,0,0,0,25,0
12763,470,411,372,23,0,0,0,0,16,59
12764,1713,1621,1465,85,0,32,0,10,29,92
12765,891,883,883,0,0,0,0,0,0,8
12766,658,658,623,0,0,19,0,0,16,0
12767,225,223,223,0,0,0,0,0,0,2
12768,866,570,531,8,0,0,0,0,31,296
12769,363,296,220,40,0,36,0,0,0,67
12770,180,140,140,0,0,0,0,0,0,40
12771,14454,12190,9736,953,168,524,0,12,797,2264
12775,2474,2033,1836,145,4,25,0,0,23,441
12776,2072,1758,1679,16,0,6,0,16,41,314
12777,846,801,714,20,0,26,0,1,40,45
12778,402,402,391,0,0,0,0,11,0,0
12779,2304,1133,681,380,0,0,0,0,72,1171
12780,2268,2208,1732,149,0,17,0,0,310,60
12781,202,192,192,0,0,0,0,0,0,10
12783,1409,1240,1103,109,0,0,0,0,28,169
12784,0,0,0,0,0,0,0,0,0,0
12785,1041,987,566,119,0,27,0,0,275,54
12786,568,524,423,19,0,0,0,82,0,44
12787,97,97,85,0,0,0,0,0,12,0
12788,2841,2431,1817,462,8,49,0,6,89,410
12789,2336,1750,1370,114,0,126,0,0,140,586
12790,4226,3884,3449,43,3,199,0,0,190,342
12791,690,615,607,0,0,0,0,0,8,75
12792,167,167,167,0,0,0,0,0,0,0
12801,14754,14120,13113,362,4,37,0,9,595,634
12803,8828,8629,8212,49,0,30,0,37,301,199
12804,27805,27052,25782,220,31,166,0,79,774,753
12808,201,201,194,0,0,5,0,0,2,0
12809,3612,3568,3438,10,4,10,0,21,85,44
12810,537,525,498,5,0,0,0,1,21,12
12811,225,225,224,0,0,0,0,0,1,0
12812,349,349,349,0,0,0,0,0,0,0
12814,1135,1135,1128,7,0,0,0,0,0,0
12815,1099,1099,1095,0,0,0,0,4,0,0
12816,4626,4433,4277,46,8,46,0,12,44,193
12817,1951,1951,1883,0,0,31,0,14,23,0
12819,286,286,266,0,0,0,0,0,20,0
12820,102,102,102,0,0,0,0,0,0,0
12821,2378,1932,764,1040,5,35,0,5,83,446
12822,6200,6068,5950,12,0,0,0,0,106,132
12823,502,502,480,0,0,9,0,0,13,0
12824,1088,1058,1034,14,0,0,0,0,10,30
12827,3673,3648,3443,26,7,8,23,33,108,25
12828,9590,9463,9082,42,99,26,0,0,214,127
12831,18318,17460,16849,86,8,211,13,21,272,858
12832,6486,6430,6184,112,6,7,0,0,121,56
12833,5233,5100,4799,28,0,101,0,0,172,133
12834,6261,6069,5852,35,1,84,0,30,67,192
12835,2545,2512,2384,9,3,0,0,6,110,33
12836,461,458,441,0,0,0,0,0,17,3
12837,879,878,847,0,0,0,0,0,31,1
12838,721,695,667,0,0,0,0,0,28,26
12839,13764,13289,12729,42,28,55,0,12,423,475
12841,95,95,95,0,0,0,0,0,0,0
12842,705,702,650,2,0,1,0,0,49,3
12843,678,678,663,10,0,0,0,0,5,0
12844,293,281,276,5,0,0,0,0,0,12
12845,4573,4362,4174,55,6,27,0,0,100,211
12846,3004,2980,2936,14,3,0,0,0,27,24
12847,687,651,597,15,3,15,0,0,21,36
12849,425,414,414,0,0,0,0,0,0,11
12850,2729,2707,2610,62,0,0,0,0,35,22
12851,319,319,295,3,8,0,0,0,13,0
12852,365,358,334,6,1,9,0,0,8,7
12853,1379,1354,1246,11,0,74,0,0,23,25
12854,98,98,98,0,0,0,0,0,0,0
12855,207,191,190,0,0,0,0,0,1,16
12856,313,313,313,0,0,0,0,0,0,0
12857,738,730,718,0,1,4,0,0,7,8
12858,146,146,139,0,0,0,2,0,5,0
12859,1855,1853,1726,39,0,0,0,39,49,2
12860,364,362,304,3,0,5,0,0,50,2
12861,556,556,526,0,0,5,0,4,21,0
12862,266,222,222,0,0,0,0,0,0,44
12863,883,883,883,0,0,0,0,0,0,0
12864,9,9,9,0,0,0,0,0,0,0
12865,3448,3345,3126,99,17,0,0,11,92,103
12866,38813,37341,33868,1041,9,989,0,199,1235,1472
12870,1690,1684,1634,6,0,0,0,7,37,6
12871,4197,4035,3882,109,0,4,0,2,38,162
12872,103,103,103,0,0,0,0,0,0,0
12873,875,834,784,6,0,0,0,0,44,41
12874,155,155,150,0,0,0,0,0,5,0
12878,767,716,696,14,0,0,0,0,6,51
12883,4797,4757,4700,0,0,0,0,0,57,40
12884,591,570,504,3,0,0,0,0,63,21
12885,4411,4301,3979,48,0,107,0,0,167,110
12886,231,226,190,14,0,0,0,0,22,5
12887,4720,4582,4157,11,3,5,0,21,385,138
12901,32431,31482,28685,985,153,876,31,42,710,949
12903,1705,1688,1583,5,9,58,0,0,33,17
12910,1886,1798,1589,154,0,22,0,0,33,88
12911,0,0,0,0,0,0,0,0,0,0
12912,1809,1772,1731,0,1,4,0,0,36,37
12913,1077,1068,1040,0,0,0,0,23,5,9
12914,876,876,832,0,21,0,0,0,23,0
12915,58,57,57,0,0,0,0,0,0,1
12916,2375,2352,2284,0,0,2,0,0,66,23
12917,1232,1209,1115,8,65,1,0,0,20,23
12918,2607,2514,2277,0,0,0,0,120,117,93
12919,2716,2674,2573,24,0,6,0,4,67,42
12920,2429,2343,2193,27,37,10,0,4,72,86
12921,2870,2810,2627,41,0,4,0,0,138,60
12922,37,37,36,0,1,0,0,0,0,0
12923,506,496,494,0,0,0,0,0,2,10
12924,325,325,323,0,0,0,0,0,2,0
12926,2325,2325,2224,13,49,0,0,0,39,0
12927,295,295,292,0,0,0,0,0,3,0
12928,1869,1749,1713,4,5,0,0,0,27,120
12929,3433,2928,1581,1290,14,9,0,27,7,505
12930,843,828,721,0,8,3,0,0,96,15
12932,1090,1067,987,38,0,0,0,0,42,23
12933,27,27,27,0,0,0,0,0,0,0
12934,1197,1167,1116,32,0,0,0,0,19,30
12935,1406,1400,1341,5,0,0,0,0,54,6
12936,671,667,646,0,0,0,0,2,19,4
12937,1464,1464,1228,0,166,3,0,27,40,0
12939,141,141,139,0,0,0,0,0,2,0
12941,1692,1650,1589,11,3,2,0,38,7,42
12942,516,509,502,0,0,7,0,0,0,7
12943,300,300,285,0,0,8,0,0,7,0
12944,3887,3822,3698,15,26,12,0,0,71,65
12945,528,528,528,0,0,0,0,0,0,0
12946,4774,4637,4474,37,0,25,8,37,56,137
12950,668,668,613,26,6,0,0,0,23,0
12952,265,260,194,3,0,0,0,10,53,5
12953,13323,12384,10853,1258,71,16,0,133,53,939
12955,345,345,339,0,0,0,0,0,6,0
12956,1248,1206,1132,52,11,0,0,0,11,42
12957,1647,1647,1636,0,1,0,0,0,10,0
12958,1829,1829,1829,0,0,0,0,0,0,0
12959,1618,1618,1608,0,0,0,0,0,10,0
12960,900,896,875,5,16,0,0,0,0,4
12961,97,97,21,0,0,0,0,76,0,0
12962,5051,5044,4991,12,0,36,0,0,5,7
12964,96,94,85,0,0,9,0,0,0,2
12965,272,272,258,0,0,11,0,0,3,0
12966,3152,3018,2946,0,2,14,0,17,39,134
12967,1226,1194,1166,1,0,4,0,0,23,32
12969,219,219,214,0,3,0,0,0,2,0
12970,937,916,832,19,8,44,0,0,13,21
12972,7049,6711,6385,126,0,78,0,4,118,338
12973,169,169,165,0,0,4,0,0,0,0
12974,2054,1964,1916,8,4,0,0,0,36,90
12975,210,210,182,6,0,6,0,1,15,0
12976,175,168,165,0,0,0,0,0,3,7
12977,1324,938,281,599,14,1,0,5,38,386
12978,256,251,251,0,0,0,0,0,0,5
12979,2534,2503,2393,6,4,29,0,8,63,31
12980,1118,1116,1021,0,2,0,0,0,93,2
12981,2397,2383,2360,0,0,0,0,0,23,14
12983,7336,7204,6813,201,41,29,0,5,115,132
12985,915,915,912,0,0,0,0,0,3,0
12986,5356,5288,5027,151,11,3,0,6,90,68
12987,152,152,150,0,0,0,0,0,2,0
12989,970,970,900,0,0,9,0,38,23,0
12992,3774,3681,3586,0,0,14,0,0,81,93
12993,1634,1627,1568,10,1,11,0,0,37,7
12996,1983,1958,1816,21,1,0,0,83,37,25
12997,1217,1206,1185,2,7,0,0,0,12,11
12998,294,294,282,0,11,0,0,0,1,0
13020,107,103,103,0,0,0,0,0,0,4
13021,37640,36542,32976,1214,39,394,0,143,1776,1098
13024,1380,1162,321,831,5,0,0,5,0,218
13026,1737,1621,1572,23,7,5,0,0,14,116
13027,35432,34116,31816,525,13,508,0,48,1206,1316
13028,809,776,746,0,0,0,0,0,30,33
13029,7878,7775,7292,0,0,10,0,0,473,103
13030,4008,3837,3576,27,0,85,0,5,144,171
13031,15741,15436,14602,107,3,257,0,37,430,305
13032,12902,12767,11586,269,150,34,0,14,714,135
13033,3661,3641,3476,0,6,22,0,20,117,20
13034,2022,1967,1861,9,1,16,8,19,53,55
13035,8476,8215,7790,172,2,82,0,25,144,261
13036,9020,8956,8721,11,6,3,0,0,215,64
13037,9669,9254,8879,23,33,24,0,23,272,415
13039,17033,16849,15877,171,24,441,0,0,336,184
13040,2620,2610,2542,0,8,0,0,26,34,10
13041,11902,11560,10109,382,4,310,0,0,755,342
13042,2012,2004,1950,0,0,2,0,0,52,8
13044,3026,2761,2686,0,1,0,0,0,74,265
13045,28157,26976,24920,850,16,392,0,224,574,1181
13051,37,37,37,0,0,0,0,0,0,0
13052,1763,1753,1734,0,1,0,0,0,18,10
13053,4717,4501,4058,67,0,183,0,32,161,216
13054,1218,1212,1209,0,3,0,0,0,0,6
13057,14329,14070,12810,324,41,341,28,24,502,259
13060,2731,2719,2407,0,0,50,0,0,262,12
13061,627,627,583,40,0,0,0,0,4,0
13062,212,212,212,0,0,0,0,0,0,0
13063,1696,1672,1606,0,7,50,0,0,9,24
13065,222,222,222,0,0,0,0,0,0,0
13066,12752,12367,11205,275,3,406,0,28,450,385
13068,4778,4721,4528,0,8,51,0,2,132,57
13069,23378,22631,21952,119,8,54,0,0,498,747
13071,864,823,750,0,0,36,0,0,37,41
13072,838,838,812,12,4,0,0,10,0,0
13073,6514,6375,5845,119,10,34,0,0,367,139
13074,4453,4365,4056,5,81,37,0,44,142,88
13076,2416,2309,2228,0,4,30,0,0,47,107
13077,6646,6596,6260,0,1,210,0,13,112,50
13078,10867,10721,8422,525,27,1064,0,4,679,146
13080,3519,3466,3318,0,24,6,0,0,118,53
13081,1114,1079,987,0,0,14,0,0,78,35
13082,3750,3740,3600,19,0,8,0,5,108,10
13083,1989,1960,1883,12,0,34,0,3,28,29
13084,3801,3731,3229,126,25,0,3,0,348,70
13087,161,161,139,0,0,0,0,0,22,0
13088,21914,20984,18490,733,63,870,0,100,728,930
13090,29344,27269,23222,1694,23,838,0,74,1418,2075
13092,2726,2687,2378,45,0,46,0,0,218,39
13101,2410,2369,2256,0,0,0,0,0,113,41
13102,52,52,52,0,0,0,0,0,0,0
13103,226,226,181,0,0,1,0,0,44,0
13104,16753,16441,14256,315,11,1465,0,71,323,312
13108,6284,6173,6030,18,0,22,0,0,103,111
13110,2389,2330,2133,0,0,0,0,23,174,59
13111,1790,1511,1479,0,0,12,0,0,20,279
13112,1728,1666,1666,0,0,0,0,0,0,62
13113,52,49,48,0,1,0,0,0,0,3
13114,7397,7345,7069,14,2,19,0,101,140,52
13115,225,220,205,2,0,0,0,0,13,5
13116,3652,3309,3171,0,0,66,0,0,72,343
13117,279,279,267,1,0,0,0,0,11,0
13118,5811,5655,5089,355,4,9,0,28,170,156
13119,0,0,0,0,0,0,0,0,0,0
13120,2218,2210,1548,87,472,39,0,0,64,8
13121,0,0,0,0,0,0,0,0,0,0
13122,982,942,899,9,0,0,0,0,34,40
13123,32,32,32,0,0,0,0,0,0,0
13124,102,102,99,0,0,0,0,0,3,0
13126,36278,34666,32125,739,14,644,0,49,1095,1612
13131,3115,3053,2860,29,1,33,0,0,130,62
13132,3495,3426,3274,28,0,9,0,0,115,69
13134,132,132,48,0,0,0,0,0,84,0
13135,6296,6110,5687,127,4,62,0,0,230,186
13136,329,329,329,0,0,0,0,0,0,0
13138,139,139,135,4,0,0,0,0,0,0
13140,4335,4213,4086,21,0,0,0,7,99,122
13141,655,632,596,0,0,0,0,0,36,23
13142,6044,5993,5657,7,2,0,0,62,265,51
13143,2354,2316,2117,38,0,16,0,0,145,38
13144,1323,1323,1253,23,0,0,0,0,47,0
13145,1595,1582,1551,0,3,0,0,0,28,13
13146,2176,2092,1957,2,0,10,0,2,121,84
13147,929,863,813,44,0,0,0,0,6,66
13148,10854,10650,9883,235,34,155,0,51,292,204
13152,7700,7479,7348,15,0,30,1,17,68,221
13153,337,337,337,0,0,0,0,0,0,0
13154,34,34,34,0,0,0,0,0,0,0
13155,567,555,548,0,0,0,0,0,7,12
13156,2169,2167,2022,10,1,0,0,90,44,2
13157,535,535,498,0,6,5,0,0,26,0
13158,1352,1300,1151,135,0,2,0,0,12,52
13159,5243,5131,4909,22,3,16,0,54,127,112
13160,2262,2183,2090,33,0,5,0,0,55,79
13162,409,409,409,0,0,0,0,0,0,0
13163,332,315,285,30,0,0,0,0,0,17
13164,2720,2662,2508,26,38,0,0,0,90,58
13165,9511,9012,8469,147,29,45,0,22,300,499
13166,5758,5702,5480,20,7,0,0,1,194,56
13167,2982,2982,2885,0,0,21,3,0,73,0
13202,7331,6096,2362,3105,74,383,0,5,167,1235
13203,16884,15249,8889,3589,205,1298,8,74,1186,1635
13204,19550,16181,9096,5361,231,177,0,151,1165,3369
13205,18069,16857,6263,8139,178,699,0,352,1226,1212
13206,16713,15710,11233,2583,147,499,0,134,1114,1003
13207,12784,10924,5931,4265,59,177,0,98,394,1860
13208,23094,21972,11182,6076,11,3111,0,26,1566,1122
13209,13171,12660,11515,511,35,118,0,0,481,511
13210,19144,17575,11135,3710,68,1760,25,114,763,1569
13211,5968,5584,4598,131,14,403,0,92,346,384
13212,20638,20169,18903,348,7,199,13,95,604,469
13214,8899,8242,5754,1464,25,419,0,0,580,657
13215,14317,13841,12267,848,11,166,0,47,502,476
13219,15557,14858,13717,490,39,170,0,4,438,699
13224,8881,7989,4225,2569,32,513,0,0,650,892
13244,8384,7701,5058,635,4,1840,0,19,145,683
13290,0,0,0,0,0,0,0,0,0,0
13301,156,156,156,0,0,0,0,0,0,0
13302,1377,1360,1337,0,4,0,0,10,9,17
13303,1295,1272,1267,0,0,0,0,0,5,23
13304,1919,1908,1877,11,0,16,0,0,4,11
13305,201,201,188,0,0,0,0,0,13,0
13308,4429,4248,4116,0,0,58,0,0,74,181
13309,5805,5805,5563,64,1,18,0,12,147,0
13310,837,837,837,0,0,0,0,0,0,0
13312,308,308,308,0,0,0,0,0,0,0
13313,597,549,528,3,0,0,0,5,13,48
13314,153,153,153,0,0,0,0,0,0,0
13315,1404,1394,1349,4,0,24,0,0,17,10
13316,5912,5845,5699,28,7,6,0,14,91,67
13317,4002,3910,3716,31,33,26,3,13,88,92
13318,1056,1056,970,70,0,0,0,0,16,0
13319,550,550,550,0,0,0,0,0,0,0
13320,2085,2055,2019,0,0,0,0,5,31,30
13321,803,803,789,0,0,14,0,0,0,0
13322,1073,1042,1029,0,0,0,0,0,13,31
13323,11151,10675,10129,76,76,223,0,29,142,476
13324,1653,1647,1546,10,46,0,0,0,45,6
13325,929,927,905,0,0,0,0,0,22,2
13326,4698,4495,4043,92,0,152,0,51,157,203
13327,2230,2203,2201,0,0,0,0,0,2,27
13328,1451,1365,1246,11,0,24,0,44,40,86
13329,3555,3350,3245,3,0,15,0,61,26,205
13331,69,69,69,0,0,0,0,0,0,0
13332,2878,2869,2665,65,0,15,0,0,124,9
13333,57,55,52,0,0,0,0,0,3,2
13334,943,933,895,27,0,0,0,0,11,10
13335,1355,1298,1229,15,0,12,0,0,42,57
13337,653,640,579,31,0,15,0,0,15,13
13338,1242,1242,1212,6,11,0,0,0,13,0
13339,6084,5884,5620,77,8,0,0,0,179,200
13340,7479,7401,6912,157,0,30,0,28,274,78
13342,275,214,214,0,0,0,0,0,0,61
13343,1625,1618,1585,0,1,2,0,0,30,7
13345,175,175,147,28,0,0,0,0,0,0
13346,6244,5929,5351,209,0,237,0,14,118,315
13348,1669,1655,1596,12,0,0,0,0,47,14
13350,9695,9627,8814,180,0,99,0,14,520,68
13352,29,29,24,0,0,0,0,0,5,0
13353,41,41,39,0,1,0,0,0,1,0
13354,3285,3261,3218,10,0,4,0,0,29,24
13355,1139,1119,1102,0,0,0,0,0,17,20
13357,10301,10015,9538,158,0,34,53,0,232,286
13360,128,128,128,0,0,0,0,0,0,0
13361,661,633,625,4,0,0,0,0,4,28
13363,2409,2342,2287,19,0,0,0,0,36,67
13364,232,232,185,0,0,0,0,0,47,0
13365,8449,8026,7837,34,0,3,13,0,139,423
13367,8682,8416,8055,113,13,16,0,21,198,266
13368,1121,1121,1103,4,0,0,0,0,14,0
13402,1087,1078,1034,2,0,10,0,1,31,9
13403,7087,6618,5764,703,19,76,0,0,56,469
13404,127,127,121,0,0,0,0,0,6,0
13406,492,489,488,0,0,0,0,0,1,3
13407,5140,5021,4657,40,0,93,0,0,231,119
13408,3383,3201,2827,136,5,164,0,5,64,182
13409,1976,1894,1835,9,9,0,0,0,41,82
13410,536,504,430,0,0,3,0,0,71,32
13411,2743,2650,2550,3,1,5,0,0,91,93
13413,16282,15801,14569,54,5,758,98,22,295,481
13415,82,82,82,0,0,0,0,0,0,0
13416,2235,2204,2154,8,0,0,0,0,42,31
13417,3103,3050,3009,2,0,27,0,0,12,53
13418,212,212,212,0,0,0,0,0,0,0
13420,1092,1092,1059,24,0,0,0,0,9,0
13421,12857,12547,11839,120,27,75,0,104,382,310
13424,2274,2155,1895,90,0,126,0,3,41,119
13425,1762,1730,1670,6,0,14,0,8,32,32
13428,1533,1526,1486,10,0,1,0,0,29,7
13431,1939,1921,1897,7,0,3,0,0,14,18
13433,1647,1646,1611,2,0,2,0,1,30,1
13435,275,275,201,61,0,0,0,0,13,0
13436,107,100,92,8,0,0,0,0,0,7
13437,307,307,294,0,0,0,0,0,13,0
13438,2994,2925,2826,45,0,14,0,0,40,69
13439,3715,3609,3530,28,0,10,0,3,38,106
13440,41198,38665,34871,1564,31,572,0,32,1595,2533
13441,222,197,154,43,0,0,0,0,0,25
13450,252,252,252,0,0,0,0,0,0,0
13452,4874,4682,4458,40,1,2,0,46,135,192
13454,732,719,665,0,0,0,0,0,54,13
13455,46,46,46,0,0,0,0,0,0,0
13456,3977,3907,3787,14,0,58,0,0,48,70
13457,32,32,32,0,0,0,0,0,0,0
13459,2048,1976,1912,6,4,17,0,0,37,72
13460,4293,4283,4005,16,0,38,0,51,173,10
13461,3158,3076,2912,26,6,76,0,0,56,82
13464,1245,1237,1203,2,0,0,0,0,32,8
13468,291,289,289,0,0,0,0,0,0,2
13469,1317,1317,1264,0,0,53,0,0,0,0
13470,710,689,666,12,0,1,0,0,10,21
13471,2656,2638,2554,8,0,11,0,0,65,18
13472,340,340,340,0,0,0,0,0,0,0
13473,1128,1128,1038,5,0,0,0,76,9,0
13475,39,39,32,0,0,0,0,0,7,0
13476,2975,2929,2839,59,0,16,0,0,15,46
13477,1485,1382,1368,0,0,0,0,0,14,103
13478,3040,2951,2905,0,3,18,0,0,25,89
13480,3426,3393,3213,6,0,19,0,0,155,33
13482,63,63,63,0,0,0,0,0,0,0
13483,454,428,422,6,0,0,0,0,0,26
13484,29,29,29,0,0,0,0,0,0,0
13485,1635,1620,1597,9,0,3,0,0,11,15
13486,738,700,673,0,0,0,0,0,27,38
13488,141,141,141,0,0,0,0,0,0,0
13489,533,528,524,0,0,0,0,0,4,5
13490,1181,1150,1150,0,0,0,0,0,0,31
13491,3853,3675,3600,0,0,14,0,0,61,178
13492,11395,10868,10235,308,7,142,0,9,167,527
13493,2205,2161,2064,13,2,7,0,15,60,44
13494,222,222,222,0,0,0,0,0,0,0
13495,2081,2069,1901,14,0,0,6,0,148,12
13501,40152,34338,20572,5626,135,5712,9,185,2099,5814
13502,33962,30654,23131,4079,52,1758,0,101,1533,3308
13601,38332,35788,30747,2377,5,854,0,165,1640,2544
13602,2798,2236,1389,424,28,158,58,0,179,562
13603,14050,10924,8269,1506,0,301,128,13,707,3126
13605,5261,5084,4762,79,6,11,0,3,223,177
13606,2423,2423,2354,11,2,0,0,0,56,0
13607,1750,1737,1683,27,13,5,0,0,9,13
13608,1818,1749,1630,18,24,0,0,14,63,69
13611,312,294,294,0,0,0,0,0,0,18
13612,2703,2670,2472,0,0,140,0,0,58,33
13613,2604,2586,2490,15,19,0,0,9,53,18
13614,345,345,330,0,0,0,0,0,15,0
13615,586,575,564,4,0,0,0,0,7,11
13616,1936,1714,1231,280,0,98,0,0,105,222
13617,12124,11651,10552,504,11,255,14,66,249,473
13618,1814,1740,1669,0,0,0,0,2,69,74
13619,10625,10055,9027,302,3,73,0,66,584,570
13620,2066,2061,2012,14,0,12,0,0,23,5
13621,578,578,578,0,0,0,0,0,0,0
13622,1985,1910,1735,116,0,9,0,0,50,75
13623,51,51,51,0,0,0,0,0,0,0
13624,4933,4683,4202,247,2,34,0,6,192,250
13625,1551,1545,1506,5,0,4,0,0,30,6
13626,2282,2169,2049,4,3,8,0,0,105,113
13628,268,245,245,0,0,0,0,0,0,23
13630,1443,1431,1392,5,10,0,0,0,24,12
13632,107,107,107,0,0,0,0,0,0,0
13633,318,318,302,0,0,0,0,0,16,0
13634,3947,3837,3789,34,0,0,0,0,14,110
13635,1244,1236,1210,1,9,0,0,0,16,8
13636,177,177,165,1,0,3,0,0,8,0
13637,4493,3543,2353,716,4,17,103,0,350,950
13638,372,372,372,0,0,0,0,0,0,0
13639,24,24,24,0,0,0,0,0,0,0
13640,302,292,287,0,0,0,0,0,5,10
13641,54,54,54,0,0,0,0,0,0,0
13642,9237,8728,7968,357,57,10,0,37,299,509
13643,60,60,60,0,0,0,0,0,0,0
13645,0,0,0,0,0,0,0,0,0,0
13646,2257,2229,2148,0,5,11,0,0,65,28
13647,150,143,143,0,0,0,0,0,0,7
13648,2007,1905,1862,1,6,0,0,0,36,102
13649,37,37,37,0,0,0,0,0,0,0
13650,1355,1324,1217,14,0,10,0,0,83,31
13651,126,126,126,0,0,0,0,0,0,0
13652,1796,1795,1693,0,0,4,0,4,94,1
13654,2380,2373,2341,4,0,0,0,0,28,7
13655,3669,3668,349,6,2931,206,0,0,176,1
13656,3230,3205,3025,115,13,0,0,11,41,25
13658,2326,2254,2198,0,6,0,0,0,50,72
13659,379,366,365,0,0,0,0,0,1,13
13660,1849,1827,1792,5,1,8,0,0,21,22
13661,1825,1768,1708,0,0,25,0,0,35,57
13662,16117,15946,15296,45,87,113,0,1,404,171
13664,404,360,330,21,0,1,0,5,3,44
13665,812,812,793,19,0,0,0,0,0,0
13666,216,214,147,8,0,0,0,6,53,2
13667,3171,3079,2916,46,62,7,0,0,48,92
13668,3200,3178,3073,33,20,2,0,0,50,22
13669,16044,15776,14623,691,67,91,31,14,259,268
13670,383,383,374,0,1,1,0,0,7,0
13672,376,369,354,0,5,0,0,0,10,7
13673,2163,2109,1883,92,7,16,0,0,111,54
13674,137,137,137,0,0,0,0,0,0,0
13675,61,61,52,0,0,0,0,0,9,0
13676,14179,13777,12688,340,39,341,6,66,297,402
13678,105,105,105,0,0,0,0,0,0,0
13679,1108,1089,1041,0,2,16,0,0,30,19
13680,1398,1388,1381,0,0,5,0,0,2,10
13681,971,953,928,1,0,0,0,0,24,18
13682,845,845,810,0,0,4,0,0,31,0
13683,66,66,0,0,66,0,0,0,0,0
13684,1172,1170,1129,17,4,3,0,0,17,2
13685,2187,2073,1936,5,0,10,0,11,111,114
13687,505,505,501,0,4,0,0,0,0,0
13690,773,733,654,25,0,5,0,4,45,40
13691,3123,3026,2647,0,14,54,0,5,306,97
13692,216,216,216,0,0,0,0,0,0,0
13693,294,294,288,0,0,6,0,0,0,0
13694,1253,1171,1160,0,3,0,0,0,8,82
13695,200,189,189,0,0,0,0,0,0,11
13696,174,174,174,0,0,0,0,0,0,0
13697,1879,1856,1800,0,0,20,0,0,36,23
13699,2021,1848,1378,140,0,217,0,23,90,173
13730,2871,2832,2726,2,1,36,0,0,67,39
13731,1002,968,913,0,0,6,0,0,49,34
13732,7607,7436,7064,53,0,118,0,0,201,171
13733,5049,4989,4791,40,0,29,0,0,129,60
13734,2372,2354,2314,0,6,0,0,0,34,18
13736,1807,1790,1753,0,0,0,0,19,18,17
13738,44,44,44,0,0,0,0,0,0,0
13739,801,801,773,0,0,20,0,0,8,0
13740,560,491,459,18,2,10,0,0,2,69
13743,3394,3387,3290,0,0,11,0,0,86,7
13744,1359,1346,1337,2,0,0,0,0,7,13
13746,2142,2117,1950,13,1,13,0,17,123,25
13747,29,29,29,0,0,0,0,0,0,0
13748,3760,3362,3318,0,0,0,0,0,44,398
13750,711,711,694,4,0,0,0,0,13,0
13751,209,209,209,0,0,0,0,0,0,0
13752,868,844,844,0,0,0,0,0,0,24
13753,5593,5370,4979,95,0,160,4,48,84,223
13754,2656,2611,2511,15,1,30,0,0,54,45
13755,888,878,862,0,0,0,0,0,16,10
13756,694,676,662,7,0,6,0,0,1,18
13757,1274,1274,1269,0,0,0,0,0,5,0
13760,43240,41487,37365,1588,49,843,0,33,1609,1753
13774,148,148,127,0,0,0,0,0,21,0
13775,1806,1675,1645,5,0,3,0,6,16,131
13776,404,400,379,0,0,5,0,0,16,4
13777,396,396,396,0,0,0,0,0,0,0
13778,5349,5216,4990,23,1,23,0,20,159,133
13780,862,858,858,0,0,0,0,0,0,4
13782,730,713,701,1,1,7,0,0,3,17
13783,2331,2246,2069,99,0,3,0,56,19,85
13784,294,284,284,0,0,0,0,0,0,10
13786,366,366,317,7,0,8,0,0,34,0
13787,3067,3005,2905,4,0,8,0,22,66,62
13788,959,954,855,31,0,12,0,0,56,5
13790,18584,17766,14170,1050,18,1521,0,0,1007,818
13795,2954,2654,2346,79,0,143,0,0,86,300
13796,996,957,901,24,1,0,10,0,21,39
13797,2061,2061,1982,4,0,0,8,0,67,0
13801,1496,1441,1393,5,0,18,5,6,14,55
13802,1079,1079,1070,0,0,0,0,0,9,0
13803,4278,4228,4100,5,3,7,0,3,110,50
13804,190,190,189,0,0,0,0,0,1,0
13806,222,222,150,0,0,25,0,9,38,0
13807,1296,1265,1239,3,0,12,0,0,11,31
13808,1379,1323,1299,3,8,0,0,0,13,56
13809,1964,1955,1870,0,0,0,0,0,85,9
13810,1260,1164,1142,8,0,1,0,2,11,96
13811,4120,4053,3802,20,55,66,9,0,101,67
13812,2293,2286,2244,0,0,0,0,0,42,7
13813,1131,1113,1102,11,0,0,0,0,0,18
13814,18,18,11,0,0,0,0,0,7,0
13815,12925,12335,11624,156,10,78,0,14,453,590
13820,22500,21043,18939,971,0,480,73,99,481,1457
13825,3058,3031,2740,15,0,120,0,1,155,27
13826,91,91,78,0,0,0,0,0,13,0
13827,11770,11471,10972,111,4,119,0,66,199,299
13830,4933,4856,4743,34,0,4,0,38,37,77
13832,449,446,446,0,0,0,0,0,0,3
13833,4297,4245,4014,0,8,56,0,0,167,52
13834,118,118,118,0,0,0,0,0,0,0
13835,1301,1301,1268,0,0,9,0,0,24,0
13838,3984,3942,3668,98,0,0,0,0,176,42
13839,1319,1240,1153,0,0,0,0,0,87,79
13841,483,481,439,10,0,16,0,0,16,2
13842,610,600,500,40,25,8,0,0,27,10
13843,2094,2070,2008,6,0,3,0,0,53,24
13844,638,638,630,0,0,0,0,0,8,0
13846,369,369,366,3,0,0,0,0,0,0
13847,17,17,17,0,0,0,0,0,0,0
13849,4424,4373,4167,27,2,65,0,0,112,51
13850,23544,22968,18581,639,0,3239,0,153,356,576
13856,6063,5917,5721,93,0,13,0,0,90,146
13859,101,101,78,0,0,0,0,0,23,0
13860,228,228,228,0,0,0,0,0,0,0
13861,454,454,407,0,40,0,0,0,7,0
13862,3702,3655,3514,47,0,0,0,0,94,47
13863,473,466,444,2,0,16,0,0,4,7
13864,1148,900,839,41,0,0,0,11,9,248
13865,6000,5950,5671,85,0,9,0,0,185,50
13901,19979,18494,16022,994,36,296,0,61,1085,1485
13902,6405,6080,5145,83,0,848,0,0,4,325
13903,18483,17435,14415,1851,10,127,46,34,952,1048
13904,9499,9068,7330,1133,0,275,0,33,297,431
13905,27673,25585,19429,2490,75,2369,16,36,1170,2088
14001,9199,9143,8808,59,43,38,19,14,162,56
14004,11658,11520,10592,680,16,98,0,0,134,138
14005,2085,1976,1918,0,1,0,0,11,46,109
14006,9402,9316,8836,189,12,112,0,6,161,86
14008,1594,1502,1294,64,0,7,0,0,137,92
14009,5477,5432,5193,2,0,114,0,0,123,45
14011,7711,7160,5771,1046,27,72,0,145,99,551
14012,3020,2957,2526,220,78,34,0,0,99,63
14013,1744,1718,1242,20,241,19,0,0,196,26
14020,22442,21550,19619,769,8,242,0,76,836,892
14024,1637,1634,1516,63,0,17,0,0,38,3
14025,3754,3708,3476,9,0,78,0,114,31,46
14026,506,485,485,0,0,0,0,0,0,21
14027,34,34,30,0,0,0,0,0,4,0
14028,1556,1545,1541,4,0,0,0,0,0,11
14029,31,31,31,0,0,0,0,0,0,0
14030,2045,2045,1936,12,32,28,0,0,37,0
14031,9685,9458,8824,51,0,12,0,258,313,227
14032,10572,10462,9979,43,12,156,0,9,263,110
14033,1460,1460,1455,0,0,0,0,0,5,0
14034,2513,2420,2007,317,26,41,0,3,26,93
14035,61,61,61,0,0,0,0,0,0,0
14036,5406,5317,5206,78,0,0,0,0,33,89
14037,963,932,820,0,0,0,0,0,112,31
14039,70,70,62,0,0,0,0,0,8,0
14040,1799,1799,1799,0,0,0,0,0,0,0
14041,132,129,113,0,0,3,0,0,13,3
14042,4403,4229,4083,19,0,0,0,0,127,174
14043,24936,24166,22717,695,36,357,0,55,306,770
14047,6147,5877,5744,35,0,0,0,0,98,270
14048,14859,11196,9785,773,24,17,0,0,597,3663
14051,19747,19081,16383,416,11,1816,0,9,446,666
14052,17694,17269,16848,56,0,83,24,0,258,425
14054,1356,1297,1224,23,1,0,0,0,49,59
14055,1455,1450,1445,0,0,0,0,5,0,5
14056,194,194,194,0,0,0,0,0,0,0
14057,7688,7487,7269,25,6,77,0,21,89,201
14058,2408,2104,1990,3,1,0,0,0,110,304
14059,9629,9574,9416,5,21,50,0,0,82,55
14060,356,356,320,0,1,0,0,0,35,0
14061,93,93,81,0,6,0,0,0,6,0
14062,3251,3201,3101,0,2,28,7,0,63,50
14063,13123,12028,10860,506,24,247,18,16,357,1095
14065,1747,1734,1686,0,1,7,0,0,40,13
14066,1093,1090,1061,0,0,10,0,2,17,3
14067,4028,3977,3845,132,0,0,0,0,0,51
14068,7990,7778,6418,360,0,563,0,0,437,212
14069,630,628,588,2,0,0,0,0,38,2
14070,6186,5842,5035,38,571,15,0,33,150,344
14072,21416,20746,19128,490,13,420,0,13,682,670
14075,44610,43621,41899,496,47,184,17,73,905,989
14080,4215,4198,4039,34,0,0,0,0,125,17
14081,2910,2877,1878,37,570,87,0,0,305,33
14082,671,671,602,23,1,0,0,0,45,0
14083,10,10,10,0,0,0,0,0,0,0
14085,8298,8163,7781,62,0,36,0,0,284,135
14086,35121,34469,33293,513,15,248,0,62,338,652
14091,1600,1478,942,35,305,6,0,0,190,122
14092,10522,10399,9558,62,130,113,0,0,536,123
14094,50302,48722,42456,3073,91,345,0,174,2583,1580
14098,3146,3039,2945,24,0,0,0,11,59,107
14101,1843,1817,1725,0,4,0,0,0,88,26
14102,1488,1444,1418,0,0,0,0,0,26,44
14103,10783,9975,8890,452,37,171,0,0,425,808
14105,5128,5020,4894,19,13,3,0,0,91,108
14108,5263,5244,5008,27,69,9,0,10,121,19
14109,1218,1067,713,184,13,45,0,0,112,151
14111,3150,3105,3022,18,10,4,0,11,40,45
14112,54,54,54,0,0,0,0,0,0,0
14113,686,672,671,0,0,0,0,0,1,14
14120,44414,43669,41103,881,25,343,0,101,1216,745
14125,3580,3381,3244,56,12,0,0,0,69,199
14126,456,447,447,0,0,0,0,0,0,9
14127,30652,29882,28187,439,95,59,17,556,529,770
14129,1300,1256,985,3,117,9,0,41,101,44
14130,112,112,105,7,0,0,0,0,0,0
14131,5182,5005,4825,86,0,0,0,0,94,177
14132,6689,6638,5993,11,145,317,0,0,172,51
14134,72,65,65,0,0,0,0,0,0,7
14135,141,141,141,0,0,0,0,0,0,0
14136,5122,4914,4744,16,31,0,0,0,123,208
14138,1864,1703,1668,18,0,0,0,0,17,161
14139,2074,2065,1982,23,0,0,0,15,45,9
14141,7492,7405,7247,39,5,20,0,0,94,87
14143,1058,1029,854,32,0,0,0,0,143,29
14145,1206,1112,1112,0,0,0,0,0,0,94
14150,41456,39792,36196,1786,16,818,0,27,949,1664
14166,231,231,231,0,0,0,0,0,0,0
14167,1866,1862,1747,37,0,5,0,0,73,4
14168,77,77,77,0,0,0,0,0,0,0
14169,80,80,80,0,0,0,0,0,0,0
14170,2223,2088,2064,0,0,0,0,0,24,135
14171,1605,1548,1391,13,14,0,0,0,130,57
14172,3091,3061,2849,6,1,0,0,7,198,30
14173,188,188,151,0,0,0,0,0,37,0
14174,5698,5559,5324,4,45,80,0,0,106,139
14201,12623,7951,4851,2397,0,297,0,0,406,4672
14202,3664,2860,1823,942,16,63,0,0,16,804
14203,2390,2086,799,1003,14,192,0,19,59,304
14204,7666,6534,1609,4549,6,15,0,153,202,1132
14206,21726,19721,15290,2571,89,801,4,315,651,2005
14207,25699,19644,10396,3892,74,3546,0,72,1664,6055
14208,11820,11428,1923,8487,13,481,4,13,507,392
14209,8677,7984,4661,2755,93,307,0,16,152,693
14210,15382,14175,12214,1102,0,158,0,0,701,1207
14211,24143,21991,2691,14484,74,4001,0,81,660,2152
14212,13295,12189,4766,4039,47,2719,0,68,550,1106
14213,23980,19103,10307,4351,162,3447,0,12,824,4877
14214,22113,20750,10109,7109,76,2523,0,36,897,1363
14215,42368,40314,6395,29658,3,2177,13,95,1973,2054
14216,24009,21757,16912,3666,101,299,4,20,755,2252
14217,22921,21777,19035,1365,96,225,0,16,1040,1144
14218,20936,19405,15330,3107,65,97,0,31,775,1531
14219,10854,10354,9627,92,24,137,11,48,415,500
14220,23926,21304,19479,814,61,414,10,0,526,2622
14221,55228,53565,46681,863,25,4289,0,125,1582,1663
14222,15744,14359,11697,1616,71,405,0,44,526,1385
14223,22482,21933,18925,1018,13,1112,0,96,769,549
14224,40745,39367,37657,684,30,185,16,9,786,1378
14225,34063,32715,25260,4347,77,958,23,293,1757,1348
14226,29273,27713,21273,2808,158,1851,12,56,1555,1560
14227,21329,20236,17702,1874,21,473,0,4,162,1093
14228,25038,23561,17724,1825,73,3516,6,12,405,1477
14260,812,764,474,151,5,110,0,0,24,48
14261,4818,4289,2504,767,27,759,5,0,227,529
14301,12151,11272,7113,2841,70,270,0,124,854,879
14302,206,184,73,107,0,4,0,0,0,22
14303,6159,5517,3304,1022,93,238,12,0,848,642
14304,28582,27245,24848,681,200,547,20,81,868,1337
14305,16605,15292,9302,4147,291,119,0,66,1367,1313
14411,12608,12106,10372,1361,3,57,0,26,287,502
14413,174,127,101,0,0,0,0,0,26,47
14414,6783,6653,6296,42,14,47,0,24,230,130
14415,127,127,127,0,0,0,0,0,0,0
14416,3800,3733,3595,21,1,44,0,23,49,67
14418,1103,1103,942,2,0,157,0,0,2,0
14420,19945,18405,16463,970,32,412,0,52,476,1540
14422,1763,1731,1546,37,0,0,0,23,125,32
14423,4906,4685,4308,110,0,74,0,54,139,221
14424,28582,27319,25986,351,11,198,0,32,741,1263
14425,13201,12492,11404,227,0,203,0,0,658,709
14427,1721,1666,1555,12,8,0,0,11,80,55
14428,7297,7089,6811,97,3,51,0,24,103,208
14432,5520,5238,4781,29,0,13,0,0,415,282
14433,4265,4183,4065,46,5,0,0,0,67,82
14435,2296,2296,2125,1,0,0,0,7,163,0
14437,9168,8914,8737,71,1,29,0,8,68,254
14441,431,417,399,8,0,4,0,0,6,14
14445,7689,7211,6669,255,32,59,14,15,167,478
14450,43082,41534,38378,720,17,904,10,112,1393,1548
14453,0,0,0,0,0,0,0,0,0,0
14454,11058,10447,9620,287,0,275,0,27,238,611
14456,19796,17520,15372,1018,39,498,0,26,567,2276
14462,803,789,702,0,0,0,0,0,87,14
14463,302,302,297,0,5,0,0,0,0,0
14464,6656,6600,6394,54,0,0,0,0,152,56
14466,1697,1655,1629,0,0,0,0,10,16,42
14467,10381,9975,7744,916,2,898,0,36,379,406
14468,18866,17869,17060,336,16,16,0,40,401,997
14469,5937,5906,5803,12,1,2,0,0,88,31
14470,7654,7404,6898,145,11,41,0,0,309,250
14471,2735,2728,2510,178,0,0,0,17,23,7
14472,9139,8954,8567,27,0,15,0,0,345,185
14475,298,298,292,0,0,6,0,0,0,0
14476,2461,2078,2014,0,12,0,0,22,30,383
14477,1672,1657,1557,29,28,1,0,0,42,15
14478,1369,1350,1320,14,0,0,0,0,16,19
14479,98,98,98,0,0,0,0,0,0,0
14480,588,561,551,0,0,0,0,0,10,27
14481,1775,1749,1672,4,0,15,0,0,58,26
14482,8393,8168,7733,116,4,142,0,0,173,225
14485,4102,3951,3642,29,0,20,0,46,214,151
14486,255,255,255,0,0,0,0,0,0,0
14487,5661,5574,5229,4,0,117,0,0,224,87
14489,7054,6619,5947,374,4,0,0,15,279,435
14502,10135,9977,8908,117,0,350,0,55,547,158
14504,1534,1518,1435,5,4,31,0,0,43,16
14505,4896,4615,4436,30,5,0,0,26,118,281
14506,700,700,688,0,0,0,0,0,12,0
14507,1054,1027,984,34,0,0,0,0,9,27
14510,4778,4324,4008,117,17,0,0,0,182,454
14511,385,352,277,13,0,0,0,0,62,33
14512,4855,4820,4645,9,12,27,5,6,116,35
14513,13835,12011,10935,417,0,93,0,19,547,1824
14514,5899,5698,4893,481,7,92,29,14,182,201
14515,138,138,138,0,0,0,0,0,0,0
14516,2505,2408,2211,133,0,37,0,17,10,97
14517,2776,2718,2551,48,3,0,0,0,116,58
14519,12480,12322,11608,125,4,54,0,0,531,158
14521,3366,3233,2832,311,0,2,0,14,74,133
14522,9575,9382,8998,42,17,189,0,0,136,193
14525,2536,2523,2475,13,0,0,0,9,26,13
14526,19738,18994,17678,162,9,389,4,85,667,744
14527,12870,12535,12266,15,0,89,0,27,138,335
14529,48,48,48,0,0,0,0,0,0,0
14530,6498,6193,5475,202,0,0,0,69,447,305
14532,3849,3629,3555,9,0,0,0,0,65,220
14533,1822,1660,1593,18,0,0,0,0,49,162
14534,33914,32266,27619,708,1,2728,0,115,1095,1648
14536,643,598,549,3,0,34,0,0,12,45
14537,117,117,112,0,0,0,0,0,5,0
14539,187,187,187,0,0,0,0,0,0,0
14541,3660,3380,2532,686,1,5,3,16,137,280
14542,0,0,0,0,0,0,0,0,0,0
14543,3217,3185,2880,64,0,75,0,0,166,32
14544,2157,2062,2023,3,0,10,0,0,26,95
14545,108,108,104,0,0,0,0,0,4,0
14546,4920,4789,4462,144,2,24,0,0,157,131
14548,4042,3803,3525,9,0,0,0,220,49,239
14549,390,390,390,0,0,0,0,0,0,0
14550,1233,1190,1154,15,0,0,0,0,21,43
14551,4956,4721,4034,477,2,10,3,44,151,235
14555,1203,1147,1017,65,0,0,0,9,56,56
14556,1184,997,429,530,0,6,0,6,26,187
14557,121,107,101,0,0,6,0,0,0,14
14559,18375,18074,17176,341,4,71,0,21,461,301
14560,2202,2141,2003,0,0,2,0,14,122,61
14561,2382,2259,2225,18,0,0,0,0,16,123
14564,16006,15616,14397,232,0,596,0,82,309,390
14568,6349,6021,5869,49,0,24,0,15,64,328
14569,6387,6283,6122,26,0,17,0,18,100,104
14571,1306,1270,1105,123,23,0,0,16,3,36
14572,4979,4805,4539,33,0,0,0,69,164,174
14580,54520,52671,48335,1025,27,1803,1,29,1451,1849
14585,156,145,145,0,0,0,0,0,0,11
14586,12720,12415,8695,1274,4,1987,0,98,357,305
14588,0,0,0,0,0,0,0,0,0,0
14589,7838,7460,6943,122,3,6,0,0,386,378
14590,5123,4853,4611,57,13,7,0,123,42,270
14591,1573,1493,1434,0,0,0,0,5,54,80
14592,113,113,113,0,0,0,0,0,0,0
14604,2682,2398,1683,297,0,199,0,0,219,284
14605,11348,7410,1321,5305,15,610,0,13,146,3938
14606,27736,23485,14819,6655,37,1114,0,44,816,4251
14607,17319,16062,13665,1439,13,375,0,40,530,1257
14608,12470,11027,3252,6128,39,519,7,0,1082,1443
14609,41134,33048,18336,11823,89,287,15,238,2260,8086
14610,14033,13198,11243,1082,0,386,0,94,393,835
14611,17753,14849,3558,10294,75,254,0,60,608,2904
14612,35265,32815,27614,3164,27,415,0,204,1391,2450
14613,15132,12068,3621,6873,11,1043,0,0,520,3064
14614,1126,904,318,549,11,11,0,0,15,222
14615,18393,15268,8322,5322,0,758,0,211,655,3125
14616,27250,23895,18618,3363,8,697,0,65,1144,3355
14617,21990,20052,18621,751,10,119,0,0,551,1938
14618,23783,22985,18974,1187,39,1866,0,32,887,798
14619,14073,13118,3022,9218,5,248,0,67,558,955
14620,24292,22196,16202,2395,24,2158,2,410,1005,2096
14621,32976,20470,5118,13351,47,468,0,112,1374,12506
14622,12770,11539,9880,631,6,427,52,0,543,1231
14623,25958,24509,16692,2705,41,3976,5,36,1054,1449
14624,39028,36680,30630,3709,18,932,0,102,1289,2348
14625,10445,9959,9336,155,10,154,0,47,257,486
14626,29138,26890,22934,2035,2,1078,0,0,841,2248
14627,2892,2652,1746,285,0,540,0,19,62,240
14642,0,0,0,0,0,0,0,0,0,0
14701,39481,35889,33287,886,49,309,10,31,1317,3592
14706,6051,6000,5306,190,129,127,0,0,248,51
14707,93,93,93,0,0,0,0,0,0,0
14708,155,147,131,0,0,0,0,9,7,8
14709,1240,1237,1185,10,0,20,0,5,17,3
14710,3125,3085,3004,0,29,0,0,0,52,40
14711,1943,1939,1911,1,2,1,0,0,24,4
14712,3089,3064,2948,4,9,11,13,2,77,25
14714,544,506,501,0,0,4,0,0,1,38
14715,2579,2558,2518,14,2,3,0,0,21,21
14716,2602,2211,1807,258,44,19,0,17,66,391
14717,564,564,562,0,0,0,0,0,2,0
14718,2024,1949,1723,196,3,10,0,0,17,75
14719,3398,3275,3195,14,8,3,0,13,42,123
14720,870,814,761,0,0,6,0,0,47,56
14721,175,165,164,0,0,0,0,0,1,10
14722,189,181,167,14,0,0,0,0,0,8
14723,1012,991,964,0,0,3,0,3,21,21
14724,2955,2925,2849,3,0,9,0,0,64,30
14726,2743,2738,2706,0,1,0,0,8,23,5
14727,4939,4876,4755,0,14,18,0,5,84,63
14728,1049,1043,1026,0,0,0,0,0,17,6
14729,813,809,791,11,0,0,0,7,0,4
14731,1220,1215,1202,0,7,0,0,0,6,5
14732,18,18,18,0,0,0,0,0,0,0
14733,3104,3082,2916,8,0,1,13,1,143,22
14735,2725,2672,2662,0,2,0,0,0,8,53
14736,154,154,154,0,0,0,0,0,0,0
14737,4105,3866,3524,16,19,2,0,9,296,239
14738,3542,3429,3403,0,1,0,0,0,25,113
14739,2627,2625,2550,33,7,0,0,2,33,2
14740,1112,1101,1084,7,0,0,0,0,10,11
14741,1887,1882,1858,1,2,0,0,0,21,5
14742,90,90,90,0,0,0,0,0,0,0
14743,2171,2171,1917,48,5,5,0,0,196,0
14744,2250,2241,2119,78,0,10,0,0,34,9
14747,2073,2048,1994,2,0,15,0,0,37,25
14748,505,505,436,0,64,0,0,3,2,0
14750,4521,4252,4086,5,0,11,0,27,123,269
14752,230,230,220,10,0,0,0,0,0,0
14753,950,941,908,6,4,0,0,16,7,9
14754,534,534,528,0,0,0,0,0,6,0
14755,2858,2813,2676,51,56,4,0,0,26,45
14756,0,0,0,0,0,0,0,0,0,0
14757,3183,3095,2854,71,3,11,0,10,146,88
14760,17675,17489,15926,395,111,289,0,28,740,186
14767,2265,2254,2236,0,1,2,0,0,15,11
14769,651,619,605,0,0,0,0,0,14,32
14770,2888,2865,2701,33,2,8,0,0,121,23
14772,3993,3983,3815,24,18,0,0,4,122,10
14774,290,264,253,0,0,0,0,0,11,26
14775,2565,2407,2369,3,3,15,0,0,17,158
14777,613,592,557,0,0,9,0,0,26,21
14778,1380,1273,1116,90,0,61,0,0,6,107
14779,6899,6558,4730,135,1244,28,0,18,403,341
14781,1827,1744,1688,0,11,4,0,16,25,83
14782,2169,2138,2078,12,0,0,0,0,48,31
14783,128,115,59,0,51,0,0,0,5,13
14784,750,750,737,6,0,0,0,0,7,0
14785,130,130,130,0,0,0,0,0,0,0
14787,4756,4647,4444,8,0,176,0,0,19,109
14788,104,101,37,62,2,0,0,0,0,3
14801,5263,5228,5118,23,23,1,0,0,63,35
14802,4563,4060,3289,481,14,216,8,5,47,503
14803,1546,1516,1478,0,0,22,0,0,16,30
14804,1507,1504,1415,0,0,16,18,0,55,3
14805,765,765,756,4,4,0,0,0,1,0
14806,2149,2129,2106,0,0,0,0,8,15,20
14807,3034,2929,2812,17,34,0,0,21,45,105
14808,550,550,531,0,0,3,0,0,16,0
14809,2905,2812,2719,12,0,1,0,4,76,93
14810,11484,11338,10736,369,3,13,0,0,217,146
14812,3286,3192,3032,10,5,14,0,40,91,94
14813,2213,2198,2136,46,0,2,0,1,13,15
14814,1784,1764,1627,14,0,108,0,0,15,20
14815,727,712,661,0,0,0,0,0,51,15
14816,595,595,559,0,3,28,0,0,5,0
14817,2911,2864,2328,45,0,104,0,0,387,47
14818,1765,1741,1714,0,0,11,0,0,16,24
14819,625,615,609,0,0,1,0,0,5,10
14820,531,531,509,0,2,0,0,0,20,0
14821,3333,3324,3187,20,0,17,0,27,73,9
14822,850,807,805,0,0,0,0,0,2,43
14823,3851,3807,3579,4,0,108,0,30,86,44
14824,768,765,725,21,1,0,0,0,18,3
14825,755,755,736,1,0,5,0,0,13,0
14826,1923,1919,1817,16,0,0,0,0,86,4
14827,16,16,16,0,0,0,0,0,0,0
14830,19127,18696,17607,466,2,304,0,16,301,431
14836,835,828,790,0,0,0,0,0,38,7
14837,5596,5529,5299,62,6,1,0,0,161,67
14838,2133,2118,2053,11,0,4,0,0,50,15
14839,594,594,594,0,0,0,0,0,0,0
14840,2577,2507,2426,28,4,3,0,1,45,70
14841,743,743,723,0,0,0,0,0,20,0
14842,847,847,847,0,0,0,0,0,0,0
14843,12418,12154,11567,158,0,93,0,69,267,264
14845,20756,20306,18320,494,0,570,0,14,908,450
14846,952,948,933,5,0,9,0,0,1,4
14847,2409,2297,2185,13,9,25,2,8,55,112
14850,65740,61236,45864,2351,44,9057,15,664,3241,4504
14853,2202,1902,976,378,11,365,0,147,25,300
14854,95,95,95,0,0,0,0,0,0,0
14855,871,843,842,0,0,0,0,0,1,28
14856,0,0,0,0,0,0,0,0,0,0
14858,1395,1392,1318,0,12,1,0,0,61,3
14859,1141,1129,1102,0,1,0,0,0,26,12
14860,1121,1101,1069,5,4,0,0,0,23,20
14861,1138,1118,1059,15,0,0,0,0,44,20
14864,1033,1033,975,0,7,2,0,0,49,0
14865,2647,2635,2521,24,9,1,0,5,75,12
14867,5242,5242,5188,30,24,0,0,0,0,0
14869,1471,1431,1417,0,0,5,0,0,9,40
14870,9970,9767,8259,229,0,925,0,25,329,203
14871,4551,4527,4448,24,0,3,0,0,52,24
14872,542,508,508,0,0,0,0,0,0,34
14873,1995,1992,1871,2,0,35,0,0,84,3
14874,155,155,155,0,0,0,0,0,0,0
14877,684,684,657,0,0,22,0,0,5,0
14878,858,852,836,0,0,0,0,0,16,6
14879,2254,2246,2098,0,0,17,0,10,121,8
14880,1520,1516,1425,0,0,33,0,3,55,4
14881,250,250,219,0,0,21,0,0,10,0
14882,3678,3511,3389,116,0,0,5,0,1,167
14883,4540,4511,4376,49,0,47,0,0,39,29
14884,303,303,302,0,0,0,0,0,1,0
14885,590,590,571,0,3,0,0,0,16,0
14886,6544,6324,5990,58,0,22,0,0,254,220
14889,1270,1260,1163,20,3,13,0,3,58,10
14891,4416,4347,4016,82,5,120,0,12,112,69
14892,7552,7419,6996,146,0,98,0,5,174,133
14893,34,34,34,0,0,0,0,0,0,0
14894,1440,1391,1194,134,29,0,0,8,26,49
14895,9168,9156,8718,53,20,42,0,0,323,12
14897,716,716,710,0,0,0,0,0,6,0
14898,1549,1549,1458,0,0,0,0,0,91,0
14901,14906,13964,10656,2065,59,185,0,153,846,942
14903,7090,6792,5859,439,0,107,0,10,377,298
14904,14285,13612,11949,745,0,22,0,62,834,673
14905,8852,8536,7447,429,0,190,0,29,441,316
