zcta5,total,nh_total,white,black,native,asian,hwpi,other,multi,hispanic,total_25yo,edu_gr9,edu_gr12_nd,edu_hs,edu_col_nd,edu_asc,edu_ba,edu_grad,edu_min_hs,edu_min_ba,inc_total,inc_10k,inc_15k,inc_25k,inc_35k,inc_50k,inc_75k,inc_100k,inc_150k,inc_200k,inc_200kplus,inc_mean,inc_avg,ins_total_pop,ins_total,ins_private,ins_public,no_ins_total,pov_families,pov_all,perc_sleep18,perc_sleep20,perc_sleep22,borough,neighborhood
10001,27004,21798,13544,2220,0,5031,0,223,780,5206,21203,741,1189,1802,1771,661,8911,6128,19273,15039,14375,5.1,6.2,4.8,5.7,6.6,11.5,7.8,13.7,8.2,30.3,106509,176483,27004,96.9,76.2,28.7,3.1,10.6,15.9,36.1,30.2,34.1,Manhattan,Chelsea/Midtown
10002,76518,56654,19554,6141,74,28477,24,574,1810,19864,60952,9858,8443,11085,5998,2347,16087,7134,42651,23221,36028,10.2,11.7,13.2,9.2,9.6,10.2,9.2,11.7,4.9,10.2,43362,86843,76077,94.6,48.3,52.4,5.4,23.4,26.1,42.3,35.7,38.3,Manhattan,Lower East Side
10003,53877,48336,34099,2899,51,9014,27,179,2067,5541,37093,1001,573,1984,2222,912,16265,14136,35519,30401,24987,7.2,3.1,3.0,3.0,4.3,9.7,7.2,11.6,12.2,38.7,152863,250384,53735,97.6,85.9,19.6,2.4,3.0,12.1,35,29.1,32.4,Manhattan,East Village/Gramercy
10004,4579,4350,2570,252,0,1370,0,0,158,229,3586,16,16,31,124,11,1588,1800,3554,3388,2123,1.6,0.0,0.1,1.5,0.1,3.5,7.2,16.2,11.9,57.9,232543,342833,4579,99.7,95.9,4.4,0.3,1.3,3.1,34.8,28.9,32.7,Manhattan,Financial District
10005,8801,8046,6071,421,0,985,0,0,569,755,6842,64,104,342,195,65,3870,2202,6674,6072,4881,1.0,1.8,0.1,1.4,4.6,3.3,8.6,17.0,13.6,48.5,189886,251095,8801,98.8,91.6,8.4,1.2,0.0,5.2,35.3,29,32.2,Manhattan,Financial District
10006,3736,3533,2347,225,0,684,0,128,149,203,2937,0,0,142,230,89,1168,1308,2937,2476,2046,3.1,0.0,2.2,3.0,7.3,5.8,4.6,10.3,11.2,52.5,204574,218507,3736,94.0,90.7,5.8,6.0,2.8,7.3,34.3,28.4,33,Manhattan,Financial District
10007,7506,6540,4658,628,0,1188,0,0,66,966,5558,51,176,286,258,44,2851,1892,5331,4743,3084,3.0,1.3,0.0,1.8,1.4,2.8,2.6,4.6,15.2,67.4,"250,000+",483196,7005,99.6,95.0,11.1,0.4,0.5,2.2,36.8,30.8,34.2,Manhattan,TriBeCa
10009,58418,44032,29258,4010,93,7831,5,343,2492,14386,46815,3274,2929,5085,4455,1917,17467,11688,40612,29155,29670,11.9,6.0,7.0,4.3,6.0,12.2,9.0,14.7,9.8,19.1,83344,130249,58400,97.2,66.8,39.3,2.8,19.2,22.6,37.7,31.8,34.7,Manhattan,East Village
10010,32410,29224,19908,2744,75,5067,0,190,1240,3186,23887,237,430,1432,2051,526,10152,9059,23220,19211,16050,4.5,3.3,3.6,3.3,4.2,7.2,7.9,15.9,9.0,41.0,150288,254222,32374,97.2,83.6,23.3,2.8,5.6,8.2,34.9,29,32.9,Manhattan,Gramercy
10011,50772,43710,34587,2192,0,4489,0,260,2182,7062,42006,812,999,2686,3242,1141,16470,16656,40195,33126,28874,5.2,3.1,4.7,3.7,6.6,7.2,6.5,13.4,13.1,36.5,145934,237851,50602,97.9,84.7,25.4,2.1,5.0,9.5,34.8,29.1,32.2,Manhattan,Chelsea
10012,21216,19035,14226,538,0,3694,0,44,533,2181,16809,401,275,848,1058,291,8292,5644,16133,13936,11529,8.7,1.2,4.2,3.7,3.7,11.5,6.8,18.8,9.7,31.7,126890,205960,21183,96.0,81.3,22.1,4.0,6.1,12.2,34.9,29.4,32,Manhattan,SoHo/NoHo
10013,29453,27006,15832,821,52,8747,0,187,1367,2447,22108,1308,1467,1983,1365,392,9554,6039,19333,15593,12753,4.0,5.2,5.2,2.3,3.3,10.4,6.5,13.0,10.1,40.1,150675,370046,28964,95.9,77.3,25.1,4.1,6.4,10.1,38,31.4,33.9,Manhattan,TriBeCa/Chinatown
10014,29461,26190,22871,650,26,1647,0,85,911,3271,25527,105,183,1281,2028,287,12251,9392,25239,21643,17504,4.4,1.8,4.1,3.0,5.3,7.5,10.9,13.3,10.0,39.9,147267,249880,29430,97.3,86.4,19.7,2.7,0.9,6.2,33.6,28.1,30.7,Manhattan,West Village
10016,54369,47583,31619,2492,11,10430,0,129,2902,6786,43500,514,952,2309,3142,960,18102,17521,42034,35623,30162,5.3,2.9,3.4,4.2,2.7,7.3,8.6,16.7,10.2,38.8,145864,215291,54173,95.9,86.5,18.9,4.1,3.6,9.4,34.5,28.5,31.4,Manhattan,Murray Hill
10017,14486,14072,9623,461,12,3035,40,230,671,414,12829,273,211,473,806,50,5396,5620,12345,11016,9155,3.9,2.4,2.1,8.7,5.8,8.9,7.1,16.6,13.7,30.9,139964,188289,14486,95.4,82.0,25.1,4.6,1.8,7.2,33.7,28.2,31,Manhattan,Midtown East
10018,8659,7510,4095,541,18,2392,0,59,405,1149,7451,259,359,525,375,234,3053,2646,6833,5699,4704,7.1,3.1,2.1,3.4,3.6,9.1,10.0,11.7,10.7,39.2,149118,226793,8659,94.8,80.3,20.2,5.2,4.4,13.0,37.4,30.9,35.6,Manhattan,Midtown West
10019,42766,35534,23759,1941,0,8056,72,114,1592,7232,37804,614,735,3204,2450,1771,15840,13190,36455,29030,26297,7.4,4.3,7.6,4.6,9.2,6.4,6.9,11.5,9.9,32.2,113335,190544,42715,97.0,78.9,30.3,3.0,5.6,11.7,35.7,29.8,33.6,Manhattan,Midtown West
10021,40642,38321,32999,169,16,3959,111,118,949,2321,32595,220,552,2172,2772,1027,12403,13449,31823,25852,20568,3.5,1.0,3.5,2.6,5.1,10.9,9.8,14.2,9.9,39.7,149432,261254,40345,98.8,84.4,26.6,1.2,1.2,4.2,32.3,27.4,30.1,Manhattan,Upper East Side
10022,33586,30115,24844,452,14,3946,0,63,796,3471,28679,359,225,1893,1629,635,10369,13569,28095,23938,18153,3.6,0.9,5.2,2.9,4.5,6.7,7.6,13.5,12.6,42.4,161236,281977,33579,99.0,83.5,31.8,1.0,4.9,5.7,31.7,26.8,30.1,Manhattan,Midtown East
10023,65706,59349,44442,3220,8,9178,0,640,1861,6357,52617,403,831,3213,3402,994,19693,24081,51383,43774,35742,4.4,2.7,3.5,3.5,4.8,9.5,8.7,12.7,10.9,39.4,151468,256121,65693,96.8,84.0,26.4,3.2,2.4,7.1,33.2,28,31.3,Manhattan,Upper West Side
10024,62774,55247,47078,1599,37,4049,0,267,2217,7527,49806,1242,726,2566,3114,919,18061,23178,47838,41239,29472,4.7,3.1,2.6,3.0,4.5,7.3,6.7,15.2,11.5,41.4,166994,287414,62180,97.9,82.7,28.4,2.1,5.5,8.3,33.3,28.1,30.5,Manhattan,Upper West Side
10025,96988,74118,51711,9022,71,9540,0,381,3393,22870,72928,3385,3354,7340,7815,1940,20984,28110,66189,49094,41653,7.5,3.7,6.5,5.5,5.5,8.8,9.6,15.7,7.7,29.4,106916,185788,95995,95.9,75.8,32.9,4.1,7.6,14.5,36,30.5,33.6,Manhattan,Upper West Side
10026,38265,30670,8366,18201,21,2393,0,184,1505,7595,27690,1381,1772,5908,3721,1129,7474,6305,24537,13779,15237,6.8,7.5,6.7,8.2,10.7,14.3,8.5,13.7,7.7,16.1,68831,117438,38187,94.2,61.9,38.1,5.8,13.3,19.8,44.4,38.4,41.3,Manhattan,Central Harlem
10027,65806,49315,17453,22327,204,5858,1,728,2744,16491,42580,2294,3131,8304,5335,1859,10778,10879,37155,21657,24387,12.3,6.7,10.3,5.3,8.4,12.4,10.2,12.7,6.4,15.2,63125,112696,65691,94.7,63.6,37.8,5.3,20.2,24.3,42.3,36.2,40.3,Manhattan,Central Harlem
10028,45717,42345,36371,693,0,3896,0,157,1228,3372,37597,458,109,2319,2962,986,12981,17782,37030,30763,24440,3.0,1.9,3.2,3.2,3.3,8.4,9.2,16.3,10.2,41.3,160244,270845,45697,98.0,89.1,23.0,2.0,1.2,5.0,32.6,27.4,30.1,Manhattan,Upper East Side
10029,75614,41094,11279,18941,42,8153,9,1188,1482,34520,55086,7818,5125,13643,7665,2558,10469,7808,42143,18277,33406,14.3,14.4,12.4,8.5,10.1,13.6,6.7,7.4,4.6,8.0,35640,73594,74858,93.3,49.4,54.4,6.7,31.3,30.9,42.5,36.5,40.9,Manhattan,East Harlem
10030,31268,21995,2780,16818,7,1134,3,307,946,9273,23150,2434,2589,4942,3756,1294,4321,3814,18127,8135,13097,9.5,12.4,11.5,9.6,8.7,15.0,11.7,10.6,3.3,7.7,47765,77559,31237,91.9,52.4,49.4,8.1,24.1,30.6,46.8,40.9,43.9,Manhattan,Central Harlem
10031,61044,29944,10534,14431,0,2458,0,442,2079,31100,47467,5827,4502,8403,7999,1665,11351,7720,37138,19071,22037,8.1,6.9,9.0,6.6,9.6,13.9,11.9,14.0,9.1,11.0,64807,94723,61005,91.4,53.7,42.8,8.6,20.4,21.0,42.1,35.9,40,Manhattan,Hamilton Heights
10032,60480,20770,8843,7712,32,2706,4,237,1236,39710,46094,7844,4071,8114,6677,2358,10432,6598,34179,17030,22285,7.1,9.4,8.5,7.6,9.9,21.6,10.7,12.4,6.8,5.9,56752,80334,60256,90.9,50.4,50.2,9.1,17.6,20.0,40.6,34.5,38,Manhattan,Washington Heights
10033,58711,19263,13708,2088,104,1940,0,291,1132,39448,43653,6015,4116,7773,5910,2844,9377,7618,33522,16995,20521,8.2,4.6,8.4,6.8,7.0,13.9,11.9,18.6,7.5,13.0,77209,119149,58698,91.1,53.0,44.8,8.9,13.1,16.3,38.5,32.3,36.9,Manhattan,Washington Heights
10034,41570,12891,7926,2376,39,1387,0,178,985,28679,30717,3757,2795,5573,4774,1449,6831,5538,24165,12369,15879,7.5,6.6,10.3,5.0,11.9,15.4,11.7,15.2,9.1,7.3,65109,87559,41553,93.0,56.4,47.0,7.0,14.4,15.1,40,33.8,37.4,Manhattan,Inwood
10035,38595,21991,5033,14179,27,1295,9,119,1329,16604,27304,3172,3619,7415,3595,1419,4769,3315,20513,8084,14833,16.1,13.8,12.2,7.0,8.3,10.7,9.2,9.7,6.6,6.3,36989,70127,37802,92.6,42.6,55.0,7.4,27.6,35.3,45.6,39.5,43.1,Manhattan,East Harlem
10036,30930,24567,15593,2053,40,4943,33,143,1762,6363,26043,865,1083,2551,2851,1207,10341,7145,24095,17486,18916,5.9,3.7,8.6,5.4,10.1,9.7,6.2,17.0,11.2,22.4,102287,148933,30885,97.2,75.9,29.1,2.8,3.8,12.5,37.1,30.9,35.9,Manhattan,Midtown West
10037,19138,15355,1845,12067,25,727,0,144,547,3783,14386,876,990,3350,1962,908,3638,2662,12520,6300,10103,16.8,6.7,10.3,6.3,9.9,13.6,10.1,12.4,6.3,7.6,50177,79169,18921,94.7,61.3,44.2,5.3,23.8,27.4,45.4,40,43,Manhattan,East Harlem
10038,23343,20751,10086,2268,45,6695,39,579,1039,2592,16829,1666,1309,1734,1203,687,6525,3705,13854,10230,10646,8.9,6.9,6.9,3.4,6.5,7.6,10.1,13.2,9.3,27.2,99641,151912,23322,96.9,70.0,32.9,3.1,18.5,20.6,37.6,31.2,34.1,Manhattan,Financial District
10039,29887,20105,1997,16337,40,567,0,331,833,9782,20839,2099,1687,5329,4168,1437,3649,2470,17053,6119,12177,10.4,6.2,12.1,7.1,13.0,17.0,12.2,11.8,6.2,3.9,51904,71332,29887,92.8,50.7,50.4,7.2,24.7,26.3,46.6,41.1,45.4,Manhattan,Central Harlem
10040,43653,12314,8924,1251,29,789,5,528,788,31339,32333,4218,3277,6893,4433,1483,6687,5342,24838,12029,16541,8.1,6.7,9.4,7.1,12.7,15.3,11.3,16.1,5.4,8.0,59115,84402,42746,92.6,52.5,49.2,7.4,16.0,18.3,39.1,33,37.2,Manhattan,Washington Heights
10044,11846,10579,5052,1511,0,3413,0,141,462,1267,9072,364,352,1182,513,393,2176,4092,8356,6268,5039,6.5,2.3,3.9,4.1,3.8,13.3,11.7,15.2,13.7,25.4,120759,157427,10990,96.6,79.2,25.5,3.4,8.2,10.1,37.1,31.3,34.1,Manhattan,Roosevelt Island
10065,30859,28229,22341,761,0,4226,0,82,819,2630,24164,304,101,1199,1480,376,9797,10907,23759,20704,16113,3.4,2.6,2.8,2.3,5.3,9.1,5.8,16.6,11.6,40.6,158276,262771,30856,98.6,88.1,25.1,1.4,2.9,7.0,32.4,27.1,29.9,Manhattan,Upper East Side
10069,6259,5708,2713,104,0,2075,0,739,77,551,4683,0,0,475,32,111,1752,2313,4683,4065,3142,13.5,0.8,2.8,6.3,3.2,6.6,7.9,5.9,6.0,47.1,197680,292930,6259,95.4,76.5,22.9,4.6,17.0,23.9,36.3,30.5,33.1,Manhattan,Lincoln Square
10075,23920,22079,18798,538,85,1743,74,0,841,1841,18721,86,242,1626,992,569,6250,8956,18393,15206,12839,4.7,4.3,3.5,2.9,4.9,12.1,5.4,15.0,11.4,35.8,140736,282991,23411,96.4,85.6,24.8,3.6,8.5,11.0,32.5,27.4,30.4,Manhattan,Upper East Side
10128,56695,48660,38389,2931,17,5094,15,579,1635,8035,45485,938,1047,3831,2486,2235,15493,19455,43500,34948,29328,5.6,3.8,4.1,4.4,4.5,7.6,9.4,15.9,10.5,34.1,137253,224663,56651,95.3,81.0,27.9,4.7,7.1,9.5,33.8,28.3,31.7,Manhattan,Upper East Side
10280,8843,7753,5403,150,0,2054,0,0,146,1090,7261,95,17,369,460,56,2996,3268,7149,6264,4293,1.1,1.5,1.6,0.0,2.6,3.7,8.3,17.1,13.9,50.3,206150,289305,8843,96.9,85.9,14.8,3.1,3.2,4.6,34.8,29.1,31.9,Manhattan,Battery Park City
10282,6450,6172,4607,137,0,885,0,0,543,278,4480,23,13,256,180,419,1403,2186,4444,3589,2635,2.8,0.7,0.0,2.4,0.5,0.0,0.9,8.2,14.7,69.8,"250,000+",462043,6450,98.9,93.4,14.0,1.1,2.0,5.8,34.7,29.3,33.1,Manhattan,Battery Park City
10301,40331,29728,16694,8036,288,3072,0,130,1508,10603,28291,1659,2216,6728,4824,1619,5895,5350,24416,11245,14400,6.3,3.8,5.3,5.4,6.2,17.2,12.5,16.6,11.5,15.1,84855,118113,39517,94.8,64.4,41.8,5.2,8.3,12.8,45.1,38.9,43.9,Staten Island,St. George
10302,18567,10786,5314,4027,0,1041,0,71,333,7781,12259,826,833,4457,1639,901,2282,1321,10600,3603,5945,9.0,2.7,7.3,3.7,10.6,16.3,10.6,18.3,11.9,9.6,75588,94902,18536,91.3,61.9,36.5,8.7,11.9,17.4,45.9,39.7,45.3,Staten Island,Port Richmond
10303,27083,16510,4699,8129,0,2650,0,119,913,10573,17857,1662,1790,5496,2641,1363,3261,1644,14405,4905,8675,9.3,6.4,4.8,4.7,6.4,16.1,12.3,18.0,11.8,10.1,78578,98699,27064,94.7,56.9,46.1,5.3,16.6,18.0,48.6,42.6,48,Staten Island,Mariner's Harbor
10304,44864,35129,17196,11673,19,5510,0,214,517,9735,30873,1882,3160,9090,5397,1807,6180,3357,25831,9537,15553,8.9,6.4,6.4,6.0,9.1,15.6,9.7,16.1,9.1,12.7,69479,108942,43992,94.5,57.3,46.4,5.5,13.9,17.0,45.9,40.2,45.4,Staten Island,Stapleton
10305,42211,35938,24453,1863,16,8470,0,188,948,6273,31477,2618,2145,8924,4576,2975,6239,4000,26714,10239,15780,5.1,3.1,6.4,5.7,8.3,15.1,13.8,19.2,10.2,13.1,84764,109945,41735,95.8,66.8,39.8,4.2,5.8,8.8,43.3,37.3,42,Staten Island,Rosebank
10306,56232,47132,35532,1703,0,7733,0,200,1964,9100,39837,2321,2250,13290,6696,2436,7520,5324,35266,12844,19872,3.1,3.3,6.4,6.9,7.2,12.9,13.0,19.9,11.6,15.8,94758,118424,55843,95.7,72.8,36.2,4.3,7.3,9.8,41.8,36.2,40.9,Staten Island,New Dorp
10307,14755,13198,12687,10,0,310,14,0,177,1557,10101,284,497,2351,1899,1148,2008,1914,9320,3922,5217,2.5,2.0,2.2,2.6,6.8,12.7,11.3,25.0,12.3,22.7,124738,145667,14750,97.5,79.9,31.3,2.5,4.7,4.6,41.9,35.9,38.9,Staten Island,Tottenville
10308,30075,26755,23986,196,0,2074,0,42,457,3320,22074,500,568,6851,3249,1969,5102,3835,21006,8937,10472,4.3,1.5,4.2,3.5,5.6,10.1,12.1,17.6,18.9,22.2,122647,136486,30075,97.2,80.6,27.9,2.8,3.0,5.3,40.9,35,39.7,Staten Island,Great Kills
10309,34740,31418,29024,171,55,1430,0,227,511,3322,24109,545,1364,7003,4358,1872,5119,3848,22200,8967,11792,5.4,5.1,2.8,4.0,4.9,16.1,9.0,13.7,13.3,25.8,110123,144776,34726,98.4,82.8,27.7,1.6,5.3,7.2,42.2,36.2,40.2,Staten Island,Charleston
10310,26239,18618,11118,5244,32,1379,0,55,790,7621,17364,944,1250,5075,3121,1341,3110,2523,15170,5633,9145,5.8,3.2,4.5,5.5,9.5,10.9,8.4,23.5,13.6,15.2,105523,118232,26196,95.5,67.2,36.5,4.5,9.6,13.9,45.4,39.3,44.6,Staten Island,West Brighton
10312,63473,55335,48291,478,67,5507,0,250,742,8138,43865,1199,1964,13440,6814,3273,10340,6835,40702,17175,21324,3.1,1.8,3.2,5.1,6.8,12.1,13.0,20.7,15.8,18.5,107414,133355,63467,97.7,78.7,30.0,2.3,5.2,5.8,41.5,35.6,39.4,Staten Island,Eltingville
10314,94355,79967,56909,3096,215,16986,0,464,2297,14388,66532,3529,3025,19704,10796,4710,15792,8976,59978,24768,31825,3.6,2.5,5.3,5.1,10.2,10.8,10.9,18.3,13.8,19.6,103436,128456,93522,96.6,72.1,36.7,3.4,6.6,9.5,42.4,36.5,40.9,Staten Island,Bulls Head
10451,51311,23109,2285,19097,188,713,2,144,680,28202,33532,4093,5197,8939,5990,2693,4591,2029,24242,6620,20965,13.6,12.3,15.3,9.3,12.2,12.3,9.5,7.9,4.0,3.9,34316,57674,51301,93.4,38.7,64.1,6.6,34.2,36.5,43.3,37.5,44.9,Bronx,High Bridge
10452,78624,27174,2158,22094,108,810,0,881,1123,51450,49113,7927,7074,14284,8111,4664,4937,2116,34112,7053,28260,12.0,11.7,12.2,12.6,14.6,14.8,11.1,6.7,2.9,1.6,36536,52522,78520,93.1,37.8,65.4,6.9,31.4,36.4,44.4,38.1,44.7,Bronx,Concourse
10453,80385,24767,1617,19748,43,1256,0,593,1510,55618,50570,8674,7700,14578,8471,3609,5756,1782,34196,7538,28456,15.6,12.0,11.8,10.8,12.7,14.0,9.0,9.1,3.5,1.6,34800,51195,80140,90.3,35.4,63.6,9.7,29.8,34.9,45.1,38.7,45.1,Bronx,Morris Heights
10454,41073,12219,1148,10112,102,96,342,168,251,28854,25781,5189,4954,7296,3966,1385,2323,668,15638,2991,14737,18.6,14.5,15.6,9.6,12.0,10.8,5.3,7.5,2.9,3.1,26400,47549,41017,89.8,27.8,68.9,10.2,36.7,42.1,44.5,37.9,45.3,Bronx,Mott Haven
10455,44380,11494,601,9385,12,466,0,426,604,32886,27345,4211,4555,7754,4634,2279,2844,1068,18579,3912,16254,14.1,11.9,10.4,12.7,13.7,13.9,9.6,8.5,3.9,1.4,35813,52036,44363,90.5,34.0,65.4,9.5,25.2,29.0,43.5,37.4,44.8,Bronx,Mott Haven
10456,88575,38680,2095,33828,171,577,0,377,1632,49895,55052,9112,9252,16305,8825,4557,5140,1861,36688,7001,32370,15.6,14.4,12.0,9.6,13.8,14.6,9.0,6.9,2.7,1.4,33317,48138,87527,92.7,38.6,66.6,7.3,31.3,36.2,45.6,39.6,46.1,Bronx,Morrisania
10457,79817,27665,1370,24635,81,354,1,322,902,52152,47967,7312,7339,14163,8465,3436,4929,2323,33316,7252,26163,14.6,11.9,11.9,6.9,11.2,19.3,7.6,10.7,3.6,2.2,41145,56909,79471,90.3,30.8,66.9,9.7,29.6,34.7,44.7,38.5,45.2,Bronx,Tremont
10458,82678,23749,5792,13291,234,2750,0,304,1378,58929,49281,9078,6642,13618,9552,3288,4788,2315,33561,7103,29116,9.8,12.8,11.3,8.4,14.6,19.3,11.0,8.2,3.1,1.5,41550,56212,82522,90.3,35.8,60.8,9.7,24.4,29.5,43.1,36.8,43.6,Bronx,Belmont
10459,51964,16974,980,14996,143,127,0,64,664,34990,32618,5644,4680,9233,5434,3035,3330,1262,22294,4592,17805,10.8,9.2,14.9,9.1,13.1,15.0,11.8,8.8,3.6,3.6,41270,61443,51749,92.9,36.7,66.2,7.1,24.7,30.6,43.7,37.5,44.6,Bronx,Longwood
10460,59852,20931,2291,15885,150,848,0,611,1146,38921,38400,5738,5614,11950,6541,3082,4286,1189,27048,5475,21814,12.4,14.2,13.7,11.0,11.9,12.3,9.6,9.0,3.1,2.8,33080,53823,59834,93.5,33.1,69.1,6.5,31.5,35.9,44.1,37.9,44.9,Bronx,West Farms
10461,50868,25566,14286,3893,60,6493,0,306,528,25302,36027,3472,3360,10083,5607,3758,6066,3681,29195,9747,18807,7.1,4.9,8.5,7.9,10.8,14.8,13.2,17.0,7.6,8.2,64444,88061,50056,94.5,60.7,44.8,5.5,14.1,16.8,37.9,32.2,38.9,Bronx,Morris Park
10462,77230,40796,8032,17162,339,12795,0,604,1864,36434,51876,4231,4447,15465,8278,5039,9543,4873,43198,14416,29806,8.4,4.8,8.1,8.3,8.6,20.7,13.5,17.1,5.8,4.7,63431,77474,76984,93.6,50.9,51.2,6.4,15.6,19.3,41.4,35.4,41.9,Bronx,Parkchester
10463,70296,33506,19693,8537,347,2606,0,635,1688,36790,50071,3887,4534,9617,7409,3338,10781,10505,41650,21286,29607,5.5,7.8,8.4,8.3,9.5,15.4,11.7,15.5,7.3,10.7,66780,98349,68568,95.8,62.8,47.2,4.2,14.5,19.2,36.9,31.5,37.3,Bronx,Kingsbridge
10464,4292,3052,2842,31,0,105,0,74,0,1240,3468,29,135,711,284,423,878,1008,3304,1886,1990,4.1,0.0,3.5,8.5,9.1,7.9,6.8,17.9,11.3,30.9,129109,155364,4292,93.8,79.0,39.1,6.2,0.0,4.2,33.8,29.1,33.5,Bronx,City Island
10465,46311,24643,16654,4684,5,1959,0,353,988,21668,31189,2272,2171,8392,6802,2419,5634,3499,26746,9133,16168,7.7,4.5,5.9,6.1,9.3,12.0,10.7,15.6,14.6,13.5,85946,106860,45864,96.7,73.0,38.6,3.3,9.0,13.8,36.9,31.5,37.2,Bronx,Throgs Neck
10466,72273,51056,1869,43221,225,1872,0,2190,1679,21217,48817,3544,5969,15327,8018,4120,7433,4406,39304,11839,24622,8.7,7.4,10.3,6.0,10.3,14.2,12.4,14.3,8.1,8.4,60892,86762,71764,91.0,53.4,48.4,9.0,16.8,19.8,45.3,39.6,45.7,Bronx,Wakefield
10467,98713,46446,8583,28247,517,6098,33,673,2295,52267,66270,8117,8741,19041,10968,5120,8709,5574,49412,14283,38433,11.5,8.7,10.6,9.4,12.8,16.7,11.1,11.0,5.2,3.1,46228,64960,97496,91.1,46.6,55.5,8.9,20.4,25.5,43.3,37.1,43.6,Bronx,Norwood
10468,81397,17930,2514,12714,38,1859,0,430,375,63467,52353,7373,7432,16033,9759,3876,5028,2852,37548,7880,28228,12.4,9.8,10.5,9.2,12.6,16.6,12.1,12.2,2.6,1.9,43985,57987,80507,90.8,37.8,64.5,9.2,24.0,26.4,42.4,36.4,42.6,Bronx,Fordham
10469,71862,50628,6344,37483,430,3988,10,740,1633,21234,49816,3662,5032,13811,8874,4396,8721,5320,41122,14041,23337,8.4,4.9,7.6,5.6,8.4,14.1,12.9,17.4,10.5,10.4,76731,96953,69760,95.2,60.2,45.4,4.8,13.0,15.7,42.6,37.2,42.9,Bronx,Pelham Gardens
10470,15390,11885,5965,4822,33,312,0,268,485,3505,11579,593,1044,3159,1687,638,3237,1221,9942,4458,6351,5.0,2.3,4.3,10.7,6.7,20.5,13.3,18.0,5.6,13.8,75750,100670,15361,93.9,66.1,37.8,6.1,7.3,10.7,40.1,34.6,39.8,Bronx,Woodlawn
10471,22888,15555,11780,2073,0,798,0,178,726,7333,16424,581,821,2304,2278,814,4265,5361,15022,9626,8924,2.6,3.0,3.4,5.9,7.5,10.9,12.3,20.5,12.1,21.9,111418,149559,21530,96.4,77.6,35.4,3.6,3.7,7.2,33.5,28.3,33.4,Bronx,Riverdale
10472,65283,25029,1376,15075,49,5341,39,1953,1196,40254,41079,7599,5512,12939,6321,2880,4225,1603,27968,5828,22114,15.6,8.6,12.8,9.6,11.4,14.9,9.0,10.0,4.1,4.1,40025,59114,65087,87.7,33.3,61.7,12.3,28.8,32.0,43.9,37.3,44.2,Bronx,Soundview
10473,60087,22711,1004,18568,213,1272,0,716,938,37376,40539,5020,4967,9774,7947,3774,5618,3439,30552,9057,22795,8.8,10.7,9.2,7.7,12.2,15.8,10.9,14.7,5.7,4.4,51379,73681,59844,94.6,52.0,53.7,5.4,17.2,21.2,42.4,36.8,42.6,Bronx,Castle Hill
10474,11280,3359,246,2983,50,28,0,22,30,7921,6787,761,906,2455,1263,376,597,429,5120,1026,3808,13.2,9.1,13.6,9.4,15.4,16.2,6.0,7.5,6.5,3.0,40795,55791,10745,91.4,39.9,58.9,8.6,29.0,33.8,44.6,38.3,44.4,Bronx,Hunts Point
10475,43517,30198,1868,26101,0,1014,0,7,1208,13319,31179,1286,3324,9079,6286,3190,4854,3160,26569,8014,18383,4.7,4.7,11.9,9.5,14.4,19.4,11.3,15.0,7.0,2.2,57003,69530,42597,95.3,59.1,47.7,4.7,9.7,14.2,41.5,36.4,42.7,Bronx,Co-op City
11004,15702,13780,4052,840,0,8072,1,516,299,1922,12052,917,679,2398,1568,700,3233,2557,10456,5790,5290,2.8,1.5,4.5,2.5,9.8,12.0,10.3,20.9,20.9,14.7,112311,129799,15048,98.1,70.3,40.2,1.9,5.3,9.2,36.1,31.9,34,Queens,Glen Oaks
11101,34279,27260,11878,3473,0,9720,0,380,1809,7019,26873,1624,1138,4144,2065,1111,9112,7679,24111,16791,16488,6.2,5.8,5.5,5.2,4.6,10.5,8.6,18.1,10.6,24.8,109625,145896,34067,96.5,73.5,28.6,3.5,7.7,13.8,40.2,35.9,36,Queens,Long Island City
11102,27069,20112,12428,1862,189,4155,0,490,988,6957,21370,1605,527,3940,1860,1267,7478,4693,19238,12171,12164,4.3,6.2,5.6,5.0,6.1,11.5,10.2,17.9,18.0,15.2,103409,122429,26832,93.9,68.8,32.8,6.1,12.0,14.4,37.9,33.5,35.2,Queens,Astoria
11103,34752,25501,18603,799,0,4577,0,98,1424,9251,28012,2144,915,5561,2760,1718,9611,5303,24953,14914,15516,4.4,2.4,4.2,6.8,6.9,18.0,13.2,20.5,10.8,12.7,88116,129759,34751,89.7,64.6,31.5,10.3,6.8,10.3,36.5,32.3,35,Queens,Astoria
11104,26939,19588,10537,673,23,7242,9,99,1005,7351,20849,1073,555,4183,2803,1787,6101,4347,19221,10448,11991,4.4,2.4,4.7,6.3,10.3,17.3,13.4,21.2,9.0,11.0,83493,100703,26939,93.5,62.0,38.2,6.5,6.9,10.8,37.8,33.2,36.1,Queens,Sunnyside
11105,38756,29853,23322,1483,32,3274,0,132,1610,8903,30070,1770,1416,5236,3498,2244,10091,5815,26884,15906,15851,3.6,2.5,5.4,6.0,6.6,13.8,13.2,22.4,13.1,13.3,97233,119098,38747,92.8,69.0,32.9,7.2,6.7,10.2,35.7,31.6,33.9,Queens,Astoria
11106,40198,29452,16511,2825,66,7889,6,445,1710,10746,30987,2197,1460,5935,3937,1706,9631,6121,27330,15752,18516,5.5,4.6,7.1,5.7,8.0,15.6,12.4,15.1,12.5,13.3,81729,110391,40171,93.2,63.8,39.6,6.8,9.1,12.2,37.5,33.3,35.4,Queens,Astoria
11109,7280,6722,3659,39,0,2400,0,17,607,558,5601,0,60,360,407,69,2261,2444,5541,4705,3326,0.0,0.0,0.0,10.7,0.0,5.7,6.4,17.3,16.7,43.1,173939,229013,7265,97.7,95.1,6.0,2.3,0.0,2.0,35.4,31.1,32.1,Queens,Long Island City
11201,69755,62050,40092,7982,38,9889,0,353,3696,7705,51970,1411,1114,4263,3354,1223,19291,21314,49445,40605,32227,5.7,2.7,3.8,3.3,4.7,7.0,5.8,13.8,12.4,40.7,163310,232020,69061,97.4,83.9,21.4,2.6,6.6,10.6,35.7,30.9,34.8,Brooklyn,Brooklyn Heights
11203,78506,73118,3963,63037,92,1382,22,308,4314,5388,58061,3009,4041,20458,10729,4951,9573,5300,51011,14873,29411,7.1,5.1,6.1,8.1,11.6,16.8,12.8,16.2,8.3,7.9,68006,89068,77339,94.1,56.0,44.1,5.9,11.7,14.3,46.8,42.4,46.5,Brooklyn,East Flatbush
11204,80575,71447,42909,427,463,24490,14,995,2149,9128,50138,8254,5061,13754,5126,2720,10092,5131,36823,15223,25118,4.6,5.2,9.1,8.8,10.6,18.3,14.1,14.4,8.8,6.1,64172,83981,80481,92.9,40.0,59.4,7.1,14.7,19.2,40.1,34.7,39.4,Brooklyn,Bensonhurst
11205,50319,43212,26235,10595,94,3781,10,447,2050,7107,28897,1810,2532,5083,3126,1390,9172,5784,24555,14956,16861,7.4,6.2,7.0,6.4,9.7,13.4,6.9,14.5,8.6,19.9,74839,132369,50292,96.5,54.9,49.6,3.5,22.5,29.7,41.6,36.5,40.4,Brooklyn,Clinton Hill
11206,89949,57366,31956,17106,0,5765,0,355,2184,32583,55837,6934,6652,13683,7274,2928,12846,5520,42251,18366,32698,10.3,7.7,12.3,9.3,9.3,12.2,10.8,12.4,6.7,8.9,51507,81598,89901,94.1,44.5,58.6,5.9,32.6,34.9,42.6,37.3,41.8,Brooklyn,Williamsburg
11207,96801,65024,5094,54090,29,1422,1,1556,2832,31777,65333,6118,6336,23505,11059,5782,8996,3537,52879,12533,34831,12.6,6.8,10.5,8.1,10.0,17.0,10.8,13.4,5.8,5.2,52569,71269,96282,94.0,50.0,56.9,6.0,21.9,25.9,46.6,41.7,45.8,Brooklyn,East New York
11208,108180,66007,2724,49528,0,8720,256,1721,3058,42173,69606,6113,6239,34228,8244,4088,7614,3080,57254,10694,34321,12.8,5.4,7.6,8.2,11.7,15.8,12.2,13.8,6.7,5.9,56298,76161,107901,94.4,47.5,54.8,5.6,19.1,21.3,45.5,40.5,44.9,Brooklyn,East New York
11209,71812,57634,43362,2202,49,9681,20,302,2018,14178,52698,3134,2433,9144,6968,3189,15752,12078,47131,27830,30179,5.2,3.6,5.7,6.7,6.8,13.7,13.4,19.1,9.5,16.2,88546,122020,71504,94.5,68.1,36.1,5.5,7.9,10.7,36.3,31.4,35.4,Brooklyn,Bay Ridge
11210,63426,58685,18806,32713,16,3658,0,765,2727,4741,42996,2027,2667,9950,7838,3790,10282,6442,38302,16724,21652,5.6,3.0,4.2,6.0,9.3,18.3,11.8,19.9,9.8,12.1,82904,114070,63377,94.9,64.2,41.8,5.1,8.0,11.0,43,38.5,42,Brooklyn,Midwood
11211,65511,48475,39225,3101,103,3942,0,392,1712,17036,45303,3821,3416,7886,4453,1984,16245,7498,38066,23743,26822,5.7,6.8,8.2,4.5,7.6,9.9,8.5,13.4,10.0,25.4,94824,141026,65450,94.0,56.5,43.7,6.0,21.0,23.0,38.2,33.1,37.2,Brooklyn,Williamsburg
11212,84006,67641,2918,58854,97,659,42,509,4562,16365,57864,4687,9069,20865,9950,4184,6667,2442,44108,9109,32091,15.2,12.2,11.7,10.3,10.6,16.3,8.0,9.7,3.5,2.5,35840,53831,83303,92.7,39.1,61.9,7.3,26.4,32.9,49.3,44.9,49.1,Brooklyn,Brownsville
11213,69131,59265,15697,39145,8,1086,7,888,2434,9866,45911,3510,4576,11307,8418,3462,8802,5836,37825,14638,26281,7.8,8.2,11.2,8.2,11.4,12.1,12.4,14.2,6.3,8.2,54211,84408,68786,93.3,58.9,49.1,6.7,19.3,23.8,46,41.4,45,Brooklyn,Crown Heights
11214,90796,74814,36406,1490,163,33263,8,695,2789,15982,64450,10602,4870,16947,6623,4766,13133,7509,48978,20642,31366,5.7,7.2,9.4,6.8,11.7,17.6,9.9,14.8,7.5,9.4,60152,89337,90143,90.5,46.3,52.3,9.5,15.5,19.6,39.2,34,38.8,Brooklyn,Bath Beach
11215,72014,61159,48203,2576,24,6539,0,368,3449,10855,53202,1286,1147,3389,2998,2053,19808,22521,50769,42329,29465,3.3,0.8,3.2,2.2,3.8,7.6,7.5,15.0,13.5,43.1,173899,236543,71888,97.3,86.8,19.7,2.7,3.5,5.9,34.4,29.8,33.6,Brooklyn,Park Slope
11216,62373,53914,18755,27510,33,2898,23,708,3987,8459,48194,1951,2639,9035,5455,2869,16242,10003,43604,26245,26311,5.9,5.1,6.5,4.9,7.3,12.2,11.8,17.2,10.7,18.4,92684,127418,62242,94.0,70.5,32.0,6.0,10.5,16.4,44.3,39.4,41.1,Brooklyn,Bedford-Stuyvesant
11217,43045,36824,22259,7093,29,3894,0,363,3186,6221,33129,1280,1397,2577,2722,1398,12276,11479,30452,23755,18912,5.7,4.1,3.2,4.1,5.5,7.0,7.0,12.7,11.6,39.0,152735,224818,42530,97.2,79.9,25.9,2.8,6.8,11.1,37.5,32.6,36.2,Brooklyn,Boerum Hill
11218,73318,61329,37725,6502,22,13016,0,663,3401,11989,48645,3567,3438,9294,5428,2693,12521,11704,41640,24225,26048,3.9,3.2,5.9,6.4,9.0,15.8,12.3,16.8,8.8,18.0,87759,138411,72969,95.4,59.5,45.6,4.6,9.5,13.3,39.5,34.1,37.9,Brooklyn,Kensington
11219,92283,80188,55168,1260,215,20262,0,2591,692,12095,47448,8394,5893,17431,4562,1591,6727,2850,33161,9577,24031,5.3,7.5,10.8,11.8,14.0,15.4,10.8,11.5,6.8,6.1,51194,77462,91526,93.8,28.4,71.1,6.2,27.7,32.7,42.2,36.6,41.3,Brooklyn,Borough Park
11220,93008,54996,13974,1545,349,37855,0,194,1079,38012,62775,14168,9637,15727,4655,2986,9823,5779,38970,15602,27907,5.2,6.0,8.8,8.4,12.6,17.1,13.7,14.4,6.7,7.1,62804,85180,92978,88.4,33.3,60.2,11.6,19.2,22.2,43.6,37.4,41.9,Brooklyn,Sunset Park
11221,91236,62937,18069,36226,39,4620,82,507,3394,28299,65129,4840,5233,15786,8866,3838,17249,9317,55056,26566,35245,7.2,6.4,7.1,7.0,8.0,12.9,12.3,18.8,8.6,11.7,77600,104627,90997,91.6,61.1,41.5,8.4,19.1,21.5,44.2,39,41.9,Brooklyn,Bushwick
11222,40137,33879,27937,1056,23,1985,0,258,2620,6258,32781,1216,1052,4220,3642,1420,13688,7543,30513,21231,19108,2.8,2.7,3.6,4.6,5.6,10.3,10.7,19.5,15.9,24.3,126250,153168,40116,92.7,74.9,23.8,7.3,4.7,8.3,35.8,31,34.9,Brooklyn,Greenpoint
11223,80113,68206,39171,3956,68,21845,0,1080,2086,11907,52591,7182,4787,14368,5621,2978,10806,6849,40622,17655,26748,7.5,7.4,9.4,8.6,10.1,13.1,11.2,14.9,7.7,10.0,61356,94988,80094,94.1,48.0,53.2,5.9,16.4,20.8,39,33.7,38.6,Brooklyn,Gravesend
11224,47893,38572,22825,9642,168,4541,0,12,1384,9321,35071,2773,3452,10647,3490,2826,6521,5362,28846,11883,19486,8.6,16.2,13.5,7.5,11.3,13.2,7.4,9.8,5.4,7.0,40467,67767,47028,95.0,42.6,64.6,5.0,21.6,28.6,38.8,34.3,38.9,Brooklyn,Coney Island
11225,58476,52146,15995,31411,17,1915,0,504,2304,6330,43978,2177,2866,8825,6824,2887,13303,7096,38935,20399,24873,4.9,5.6,7.5,6.8,7.7,14.0,12.9,17.8,10.2,12.5,82716,107973,58348,94.1,65.6,37.3,5.9,11.2,15.3,44.6,40,42.1,Brooklyn,Crown Heights
11226,101053,86030,13797,63841,353,3186,0,667,4186,15023,73611,4478,5750,21753,11917,4021,16212,9480,63383,25692,38458,5.0,5.5,6.7,6.2,11.1,15.0,12.5,18.2,9.1,10.8,75947,99788,100529,90.9,52.9,43.7,9.1,10.2,14.4,46,41.2,44.1,Brooklyn,Flatbush
11228,44196,38589,21904,404,24,15507,0,41,709,5607,32687,4404,1793,9085,3132,1957,7842,4474,26490,12316,15474,4.5,2.9,7.7,7.9,10.4,13.1,9.4,15.3,12.0,16.8,83980,118610,44044,94.1,61.3,43.9,5.9,10.3,12.8,38,32.8,37.1,Brooklyn,Dyker Heights
11229,81109,73946,46946,4677,144,19383,56,162,2578,7163,57942,4321,3087,15396,6743,4413,14169,9813,50534,23982,30751,5.1,6.9,8.3,7.1,10.8,12.4,11.1,17.1,8.3,12.8,72799,104211,80912,95.1,59.7,46.1,4.9,11.9,15.7,37.5,32.7,36.5,Brooklyn,Sheepshead Bay
11230,90245,79601,53293,7399,19,14362,48,1132,3348,10644,59193,5057,5145,12008,7145,4631,14036,11171,48991,25207,31897,5.9,7.8,8.9,8.4,10.0,15.2,11.3,14.8,7.4,10.4,65051,95988,90055,92.9,47.7,54.5,7.1,14.3,18.9,38.3,33.3,37.9,Brooklyn,Midwood
11231,38829,33017,23474,4369,66,2107,458,322,2221,5812,27887,1293,1457,3006,2018,856,10015,9242,25137,19257,16498,6.3,6.3,4.7,3.1,6.5,8.0,7.3,12.7,11.5,33.6,130396,204514,38819,95.3,74.9,25.9,4.7,12.5,13.9,36.9,32.2,36,Brooklyn,Carroll Gardens
11232,28137,13401,6363,1675,14,4345,14,79,911,14736,20295,3472,2821,3922,2210,1015,3860,2995,14002,6855,9589,3.0,3.6,5.4,10.1,12.0,13.8,13.0,12.9,9.1,17.0,79599,114279,26471,88.0,53.0,42.3,12.0,12.4,16.3,40.7,35,40.5,Brooklyn,Sunset Park
11233,83125,70064,9908,55482,416,1045,26,181,3006,13061,58249,3596,5071,18972,8757,3740,10665,7448,49582,18113,32516,11.0,6.4,9.2,7.5,10.6,13.4,12.3,14.3,6.9,8.4,57812,84738,82863,93.1,57.0,43.8,6.9,20.0,23.9,47.9,43.1,46.2,Brooklyn,Ocean Hill
11234,89976,81972,32017,38322,129,7307,0,765,3432,8004,63718,3796,3519,17611,9460,5198,13836,10298,56403,24134,32606,3.8,3.3,7.8,6.8,7.3,12.5,12.7,18.8,10.8,16.1,91379,120818,89898,95.7,67.4,40.2,4.3,8.2,9.4,40.3,35.8,40.5,Brooklyn,Marine Park
11235,83069,75512,56390,2007,14,12332,0,435,4334,7557,63558,3616,3009,13568,6563,5247,18012,13543,56933,31555,34769,6.7,7.2,9.4,8.7,10.4,13.9,10.8,13.5,7.7,11.5,61320,94910,82039,91.9,49.8,52.4,8.1,13.4,16.7,35.9,31.2,35.6,Brooklyn,Brighton Beach
11236,100082,90966,3761,79640,23,2474,9,652,4407,9116,69911,4647,3651,22175,12731,6828,13168,6711,61613,19879,33986,7.1,3.4,6.5,6.8,9.7,14.1,12.8,18.8,9.5,11.2,79885,102387,99403,94.0,58.3,43.8,6.0,9.9,12.3,46,41.5,46.4,Brooklyn,Canarsie
11237,47183,20936,11395,4045,149,3089,0,599,1659,26247,34954,4280,3994,7207,3969,1730,10308,3466,26680,13774,17513,6.7,3.0,9.4,5.2,9.1,14.8,14.9,17.0,10.0,10.0,79136,94875,47177,87.9,54.6,43.3,12.1,18.5,22.6,40.7,35.1,39,Brooklyn,Bushwick
11238,58047,49925,27508,14327,108,3830,0,287,3865,8122,45762,1093,2126,4770,3655,1887,17389,14842,42543,32231,26492,5.3,3.0,4.6,4.0,6.4,7.6,9.1,17.9,12.3,29.8,125747,173287,57634,96.4,78.5,24.8,3.6,7.2,10.9,39.7,34.9,37.5,Brooklyn,Prospect Heights
11239,16808,14134,2528,10378,19,444,0,202,563,2674,12188,980,667,4776,1621,1170,1792,1182,10541,2974,8367,7.4,13.9,17.9,6.6,12.6,14.4,9.1,10.4,4.9,2.9,38670,61506,16610,97.6,52.8,54.7,2.4,18.3,22.6,43.1,38.5,43.9,Brooklyn,East New York
11354,53371,46164,7633,1450,157,35514,258,312,840,7207,43024,5289,3999,12155,4441,4089,8389,4662,33736,13051,20980,9.2,5.7,9.4,11.7,8.8,14.5,10.7,15.8,8.4,5.8,56854,84204,51783,88.1,51.3,46.3,11.9,16.6,18.8,42,37.1,38.6,Queens,Flushing
11355,79495,66684,5601,1941,178,57690,49,465,760,12811,62791,10701,8533,17872,6170,5207,8921,5387,43557,14308,29690,8.8,5.2,10.6,11.3,10.8,18.3,11.2,12.4,4.9,6.4,52658,77413,79168,85.3,41.5,50.4,14.7,17.3,20.5,43.9,38.4,40,Queens,Flushing
11356,27632,16103,6490,126,0,9052,38,169,228,11529,19162,2829,1419,5813,2477,2128,2924,1572,14914,4496,8391,2.1,1.8,4.5,8.1,11.8,16.2,10.5,24.1,10.1,10.8,86717,103917,27626,91.4,58.2,43.9,8.6,6.6,9.5,39.9,35.2,37.5,Queens,College Point
11357,42792,36454,24006,145,72,11116,94,212,809,6338,31777,3221,1557,8080,4835,2410,6982,4692,26999,11674,15508,4.2,1.8,4.8,6.5,10.6,11.8,12.2,19.7,12.2,16.1,95987,126065,42497,96.6,69.7,41.6,3.4,5.2,7.2,35.2,31.6,33.6,Queens,Whitestone
11358,37647,31237,11610,267,54,18062,0,170,1074,6410,28351,2708,2149,7119,3603,2586,6111,4075,23494,10186,13179,4.5,2.3,5.8,6.0,11.3,15.7,13.0,16.9,11.6,13.0,84020,109224,37640,92.2,59.5,43.2,7.8,8.0,9.1,38.7,34.2,36.3,Queens,Auburndale
11360,19719,17679,10829,236,0,6077,0,249,288,2040,15729,1105,713,2773,2002,1044,3931,4161,13911,8092,8692,3.8,1.8,4.1,6.5,6.6,14.5,12.7,15.9,17.7,16.4,100016,134122,19668,95.2,73.1,42.3,4.8,5.2,6.5,33.4,29.8,31.1,Queens,Bayside
11361,29544,25181,11427,1099,56,11906,0,266,427,4363,22121,1559,1163,4081,3144,1838,5576,4760,19399,10336,10886,2.7,2.1,4.4,6.7,5.8,12.0,14.8,23.6,10.6,17.3,102343,127417,29278,94.6,70.8,36.2,5.4,5.5,8.2,37,32.8,34.5,Queens,Bayside
11362,18426,16726,6907,465,0,9010,0,83,261,1700,14748,601,617,2382,2037,1329,4561,3221,13530,7782,7164,3.0,1.2,2.9,3.7,9.1,11.7,11.5,20.9,19.2,16.8,113688,128688,18327,97.0,74.4,40.2,3.0,3.1,6.4,35.7,31.5,32.6,Queens,Little Neck
11363,7365,6450,3779,23,64,2276,0,25,283,915,5458,357,253,500,895,376,1568,1509,4848,3077,2855,4.5,0.2,4.0,5.2,6.9,13.5,12.9,17.9,14.3,20.5,112625,155429,7365,94.2,71.5,39.4,5.8,11.5,8.9,34.6,30.6,32.3,Queens,Little Neck
11364,38124,31859,11524,614,166,18512,0,98,945,6265,27737,2461,1197,5441,3159,2173,7845,5461,24079,13306,13822,4.1,1.6,5.7,5.9,6.8,12.3,13.5,21.6,12.0,16.7,100577,121275,38116,94.2,67.8,38.3,5.8,5.9,6.1,37.3,32.9,34.2,Queens,Oakland Gardens
11365,46424,36565,10303,5180,49,19985,0,176,872,9859,32872,3087,1548,7346,5284,3176,7608,4823,28237,12431,16361,7.2,1.7,6.8,5.8,10.1,15.1,12.6,18.8,10.4,11.4,82655,103325,46424,94.9,68.2,37.8,5.1,10.0,10.9,38.8,34.3,36.9,Queens,Fresh Meadows
11366,13659,11747,4626,665,0,5781,0,185,490,1912,9789,802,511,1673,1084,646,2997,2076,8476,5073,4640,3.7,1.5,2.6,5.0,6.5,12.2,13.7,23.9,16.3,14.7,114881,128237,13538,93.0,70.2,37.6,7.0,5.0,9.6,37.9,33.7,34.8,Queens,Fresh Meadows
11367,43286,35299,18456,3000,86,11826,0,544,1387,7987,28346,2704,1601,6487,2761,2265,7217,5311,24041,12528,14647,5.9,4.1,9.1,9.0,8.9,12.1,10.8,15.9,11.2,13.1,76888,101917,43278,94.3,58.9,45.3,5.7,12.2,13.3,38.2,34,36,Queens,Kew Gardens Hills
11368,112750,27221,5004,8372,143,12633,0,518,551,85529,75326,19519,7299,24105,9193,4926,7941,2343,48508,10284,30123,3.7,4.7,8.7,8.2,9.8,19.1,15.0,16.7,7.4,6.7,69391,85754,112353,76.6,38.9,50.3,23.4,13.7,17.3,42,37.4,40.5,Queens,Corona
11369,32177,13296,2463,5234,32,4779,6,83,699,18881,23134,2602,2255,7985,3357,1916,3334,1685,18277,5019,9736,4.7,4.5,5.0,7.5,10.3,20.6,11.5,21.0,8.2,6.8,72342,89135,31756,87.0,53.5,44.7,13.0,12.3,15.6,40.9,36.7,38.8,Queens,East Elmhurst
11370,28164,17464,7001,2992,113,6912,0,55,391,10700,21254,2512,2740,7251,2051,1413,3517,1770,16002,5287,8140,5.1,2.9,8.4,7.2,9.5,18.9,10.6,19.1,8.7,9.6,71618,99134,23714,92.5,59.0,44.2,7.5,9.2,10.4,41.9,36.8,37.8,Queens,East Elmhurst
11372,67001,31903,12277,1688,0,15327,66,378,2167,35098,50209,5897,3468,14064,5964,3672,9135,8009,40844,17144,25359,3.3,4.4,8.2,8.0,10.8,16.5,13.0,16.2,9.6,9.9,73089,100131,66747,89.0,48.2,49.8,11.0,11.2,14.4,38.7,34.5,37.1,Queens,Jackson Heights
11373,102618,59229,4932,1541,293,50304,42,371,1746,43389,72670,12481,5983,20013,6766,5313,16139,5975,54206,22114,32644,3.4,4.1,7.4,8.2,12.3,21.1,17.2,13.7,5.5,7.1,67489,85161,102269,84.5,36.6,54.1,15.5,8.5,10.8,41.4,36,38.3,Queens,Elmhurst
11374,47230,36779,17651,1642,35,14280,25,505,2641,10451,35610,1857,1535,6441,3877,3305,10961,7634,32218,18595,19800,5.4,4.0,6.8,6.8,8.7,12.3,12.2,19.6,12.5,11.7,86006,107971,47199,93.8,68.2,38.7,6.2,8.9,11.7,36.3,32.1,34.3,Queens,Rego Park
11375,75212,62852,35338,2012,69,21464,0,534,3435,12360,58743,2256,1324,7823,7154,3620,19355,17211,55163,36566,33312,5.3,1.9,6.2,3.6,6.9,13.8,11.0,20.1,10.1,21.2,103995,144354,74840,96.3,77.9,31.1,3.7,4.9,6.8,34.5,30.6,32.8,Queens,Forest Hills
11377,86977,52694,17338,1337,223,31779,0,501,1516,34283,65544,7808,4303,20607,6700,5122,14101,6903,53433,21004,33239,4.3,3.7,6.4,9.9,10.3,17.5,14.7,15.3,9.3,8.5,72273,98608,86753,92.5,49.8,50.4,7.5,7.8,10.1,39.9,35,37.3,Queens,Woodside
11378,39250,24801,18243,363,11,5292,0,364,528,14449,26947,2022,2000,8828,4611,2198,5064,2224,22925,7288,12818,4.0,2.6,5.6,6.0,10.3,15.3,10.8,19.9,12.8,12.7,90572,110310,39070,92.8,62.9,39.5,7.2,7.1,10.5,37.3,33.5,36.1,Queens,Maspeth
11379,38261,29831,23558,234,56,4688,0,723,572,8430,28619,2018,1996,7802,4604,1905,6225,4069,24605,10294,13810,4.0,2.7,6.4,6.0,8.6,15.1,11.2,18.7,12.6,14.8,89500,114711,37927,95.1,72.4,37.1,4.9,5.2,7.5,35.5,31.9,33.8,Queens,Middle Village
11385,105521,57801,45372,2530,26,7240,0,442,2191,47720,74477,6822,5000,21783,10227,6016,16635,7994,62655,24629,37167,4.5,2.4,5.3,5.7,9.7,15.9,15.7,19.4,11.8,9.6,85127,104776,105386,88.6,61.0,35.1,11.4,8.5,11.5,37.8,33.7,35.9,Queens,Ridgewood/Glendale
11411,21329,19904,426,18517,0,313,0,186,462,1425,16130,478,728,4409,3762,1515,2929,2309,14924,5238,6602,3.1,1.5,3.3,5.1,6.7,10.9,10.8,25.0,12.7,20.8,117018,130644,21319,95.5,73.5,37.1,4.5,3.3,5.2,43.8,40.5,42.6,Queens,Cambria Heights
11412,40593,37492,540,32418,138,1265,162,1362,1607,3101,28976,1153,1929,9307,6696,2590,4666,2635,25894,7301,11753,3.9,2.5,4.2,5.5,7.3,14.7,14.0,20.8,12.4,14.6,96094,116394,40585,93.8,64.8,37.1,6.2,7.0,9.4,45.6,42.4,44.7,Queens,St. Albans
11413,44832,41797,549,38399,42,733,0,1129,945,3035,31498,1066,1541,9794,7365,2713,5207,3812,28891,9019,13512,2.8,1.6,3.4,3.0,7.0,12.4,14.1,26.2,15.2,14.3,111065,125373,44593,94.0,69.9,35.3,6.0,3.4,6.0,45.1,41.9,43.9,Queens,Springfield Gardens
11414,30374,22868,19140,1107,0,1710,0,44,867,7506,22440,1461,1319,6568,4389,1705,4033,2965,19660,6998,11401,5.4,5.0,4.9,4.1,7.6,14.2,10.1,19.3,10.2,19.2,95370,129067,30356,96.8,77.0,35.8,3.2,4.1,6.2,35.5,32,34,Queens,Howard Beach
11415,20315,15654,8596,1359,34,4538,6,421,700,4661,15411,1044,770,2526,1955,1284,4265,3567,13597,7832,8588,3.2,4.6,7.2,4.3,7.1,15.5,11.7,20.0,10.2,16.2,88306,120616,20206,95.3,68.3,36.7,4.7,7.3,8.1,36.7,32.6,34.3,Queens,Kew Gardens
11416,27794,15265,3128,969,7,9448,0,597,1116,12529,18580,2409,1876,5424,2562,1552,3478,1279,14295,4757,7485,3.5,2.7,5.8,6.0,10.7,16.9,12.3,18.6,11.7,11.7,84085,121191,27781,90.2,53.9,44.3,9.8,10.8,13.0,41.4,36.7,39.2,Queens,Ozone Park
11417,31200,19214,5007,2216,39,8812,0,1593,1547,11986,21094,2503,1946,5767,3684,1694,3415,2085,16645,5500,9377,4.2,3.5,4.0,8.0,12.6,13.0,13.0,17.7,11.5,12.5,84419,104714,31200,92.1,59.1,40.7,7.9,9.3,10.9,40.4,36,38.7,Queens,Ozone Park
11418,38317,22399,7235,2866,251,8958,0,1032,2057,15918,26371,2959,2310,7593,4030,1584,4837,3058,21102,7895,11681,4.5,1.6,5.9,6.8,14.6,14.7,13.4,17.6,9.9,11.0,79101,100978,37874,90.8,58.1,43.6,9.2,8.2,11.9,40.6,36.1,38.5,Queens,Richmond Hill
11419,48096,39512,1746,6686,550,16375,45,10050,4060,8584,35168,5883,3413,11479,4964,2364,4783,2282,25872,7065,12908,4.0,2.2,6.1,7.0,8.4,11.4,15.6,22.2,12.1,11.1,90818,108546,48010,90.6,51.2,46.8,9.4,7.3,10.8,44.4,39.3,41.6,Queens,Richmond Hill
11420,51153,40275,2112,10901,954,17066,134,4012,5096,10878,37248,4779,3370,12064,6091,2961,5499,2484,29099,7983,13836,3.1,2.5,3.9,4.5,9.6,13.3,14.2,20.1,14.9,13.9,97919,116128,51124,90.1,59.5,38.6,9.9,8.2,10.1,43.9,39.4,41.6,Queens,South Ozone Park
11421,41552,17009,5548,1717,0,7447,0,1199,1098,24543,29130,3679,2465,8451,4333,2493,5407,2302,22986,7709,11840,3.9,2.0,4.8,5.7,10.3,17.6,15.4,16.5,11.4,12.2,81324,108437,41537,89.6,56.5,41.6,10.4,7.7,9.8,39.2,34.8,37.7,Queens,Woodhaven
11422,32296,29423,1884,25585,0,782,0,320,852,2873,23843,1082,1495,6576,5338,2226,4565,2561,21266,7126,10019,1.8,1.6,5.8,3.2,10.1,14.0,12.6,22.1,13.5,15.2,101416,119487,32201,94.0,68.2,37.6,6.0,6.4,8.4,44.9,41.6,43.3,Queens,Rosedale
11423,29921,25533,3155,9994,243,9153,5,1654,1329,4388,22020,1806,1516,5611,3491,1996,4976,2624,18698,7600,9946,7.5,2.0,5.3,4.9,12.9,15.9,13.0,15.1,12.4,11.0,79500,103394,29582,92.8,57.2,44.6,7.2,10.5,11.0,42.8,38.7,40.3,Queens,Hollis
11426,19733,16187,4543,1129,0,9243,0,468,804,3546,14645,822,894,3265,2281,1173,3938,2272,12929,6210,6108,1.4,1.0,4.4,3.4,5.2,10.2,19.7,20.1,19.6,15.1,112325,129673,19708,93.8,70.6,37.0,6.2,4.9,6.5,37.9,33.5,35.5,Queens,Bellerose
11427,25187,19907,3740,5422,29,8696,0,727,1293,5280,18763,1668,1466,4271,2866,1990,3893,2609,15629,6502,8046,4.8,3.0,4.5,6.8,8.2,15.7,12.8,19.6,11.2,13.5,84691,107138,24858,95.8,64.1,44.4,4.2,5.0,10.8,40.8,36.4,38.3,Queens,Queens Village
11428,19554,14434,1638,3919,26,6215,0,1686,950,5120,14561,1554,1056,4368,2225,1379,2710,1269,11951,3979,6153,3.2,3.6,4.6,6.5,10.2,16.2,9.9,21.2,11.2,13.5,89593,110985,19552,92.8,60.4,42.6,7.2,9.6,9.7,42.4,37.8,39.8,Queens,Queens Village
11429,27845,23663,834,18217,12,2059,0,1239,1302,4182,19662,1311,1636,6176,3730,1449,3354,2006,16715,5360,8038,3.9,7.3,2.6,8.2,5.0,10.7,13.6,20.2,12.3,16.2,95721,117648,27816,92.7,63.1,38.9,7.3,4.7,8.5,45,41.5,43.4,Queens,Queens Village
11432,64268,50755,7713,10788,454,27538,66,955,3241,13513,44701,5024,3501,9865,6414,3434,10572,5891,36176,16463,20036,4.3,3.6,6.4,8.1,10.4,19.0,11.6,18.4,8.5,9.7,72001,103895,63358,90.8,48.4,50.2,9.2,8.7,13.7,41.2,36.6,38.9,Queens,Jamaica
11433,38865,33472,1135,21493,640,5975,0,2872,1357,5393,25282,3027,2505,8550,4970,1839,3193,1198,19750,4391,10886,6.6,6.4,5.6,6.2,11.7,15.4,14.1,15.0,10.0,9.0,73118,91186,38825,91.9,49.8,49.4,8.1,9.7,14.0,46.5,43,44.5,Queens,Jamaica
11434,68182,60189,1362,53211,129,2039,0,1180,2268,7993,46920,2383,3708,14570,11820,4067,6732,3640,40829,10372,22986,7.8,3.8,3.8,8.2,10.3,18.4,11.5,18.4,8.4,9.4,71728,96344,67749,93.0,58.8,42.1,7.0,8.1,12.2,46,42.7,44.8,Queens,Jamaica
11435,59961,42420,8247,14567,240,13830,0,3788,1748,17541,41895,4841,3363,9175,7180,3349,8721,5266,33691,13987,19350,3.6,5.0,5.2,7.9,8.7,17.8,12.8,18.8,10.5,9.8,76915,100007,59679,91.4,49.0,49.0,8.6,10.8,13.4,42,37.7,40,Queens,Jamaica
11436,21349,18591,388,13086,137,1371,0,2018,1591,2758,14882,989,1274,5391,2855,1022,2224,1127,12619,3351,6136,5.4,1.9,5.2,6.6,8.9,14.0,15.5,19.9,10.2,12.5,87685,110683,21318,93.1,60.2,41.9,6.9,7.1,10.8,46.1,42.7,43.9,Queens,Jamaica
11691,70365,52241,16825,28934,0,2865,36,1011,2570,18124,43301,4760,3978,12355,7489,3851,6112,4756,34563,10868,21687,9.0,8.9,7.6,7.7,11.0,14.0,9.1,15.9,7.5,9.4,59153,92048,68445,90.4,48.5,51.6,9.6,15.4,18.9,42.8,39.2,41.8,Queens,Far Rockaway
11692,24584,18461,3231,13075,0,1129,0,232,794,6123,15490,1275,1200,4416,2644,1521,2505,1929,13015,4434,8128,8.7,5.8,9.4,12.2,8.4,12.3,11.3,14.2,8.3,9.4,57687,88642,23778,94.8,54.9,47.6,5.2,18.0,22.1,45.1,41.6,43.5,Queens,Arverne
11693,13558,10085,6200,2910,23,457,0,166,329,3473,9683,644,747,2704,1326,806,2156,1300,8292,3456,5274,9.1,3.9,6.2,11.0,10.6,9.8,13.4,17.8,7.2,11.0,72714,94702,13450,92.7,56.1,47.0,7.3,15.4,17.9,39.8,36.4,38.1,Queens,Far Rockaway
11694,21788,18001,15628,1552,18,482,0,36,285,3787,15723,735,906,3831,2615,826,3496,3314,14082,6810,7994,4.7,4.6,6.2,4.6,6.6,12.4,10.8,19.0,15.1,16.0,100190,124327,21145,96.6,71.4,36.1,3.4,8.2,12.4,35.2,32,33.8,Queens,Rockaway Park
11697,3946,3812,3698,9,0,44,0,0,61,134,2916,25,169,365,553,274,780,750,2722,1530,1533,1.9,0.6,5.0,2.9,5.0,11.1,11.2,17.5,14.4,30.5,134563,160188,3946,99.6,93.4,25.9,0.4,2.1,3.9,31.7,28.6,29.7,Queens,Breezy Point
